net,scheme,p,frame_len,latency,latency_p95,service
0,rand_st,0.2,19.0,27.50050535678189,50.0,1.0
1,rand_st,0.2,15.0,24.362530915086563,49.0,1.0
2,rand_st,0.2,17.0,26.45498489425982,50.0,1.0
3,rand_st,0.2,16.0,25.01511129262814,44.0,1.0
4,rand_st,0.2,16.0,30.16797741480137,59.0,1.0
5,rand_st,0.2,17.0,25.49296070603068,45.0,1.0
6,rand_st,0.2,19.0,30.39387877575515,56.0,1.0
7,rand_st,0.2,15.0,21.426948051948052,43.0,1.0
8,rand_st,0.2,21.0,23.1452231872349,42.0,1.0
9,rand_st,0.2,18.0,21.654247697031728,46.0,1.0
10,rand_st,0.2,17.0,26.078191814294442,46.0,1.0
11,rand_st,0.2,19.0,27.235569105691056,59.0,1.0
12,rand_st,0.2,18.0,25.524825523429712,56.0,1.0
13,rand_st,0.2,15.0,25.227799227799228,53.0,1.0
14,rand_st,0.2,17.0,21.504394726328407,37.0,1.0
15,rand_st,0.2,15.0,23.0919175911252,44.0,1.0
16,rand_st,0.2,16.0,23.88032909498878,45.0,1.0
17,rand_st,0.2,20.0,28.748209018120523,63.0,1.0
18,rand_st,0.2,14.0,21.491274350649352,41.0,1.0
19,rand_st,0.2,16.0,22.9085123309467,40.0,1.0
20,rand_st,0.2,16.0,22.408852061438964,44.0,1.0
21,rand_st,0.2,15.0,27.753532498990715,52.0,1.0
22,rand_st,0.2,15.0,20.547745077281387,40.0,1.0
23,rand_st,0.2,14.0,20.836556456643795,37.0,1.0
24,rand_st,0.2,15.0,21.67305365066559,46.0,1.0
25,rand_st,0.2,14.0,19.26092384519351,35.0,1.0
26,rand_st,0.2,18.0,23.56711202466598,47.0,1.0
27,rand_st,0.2,16.0,21.642045454545453,38.0,1.0
28,rand_st,0.2,16.0,23.932038834951456,48.0,1.0
29,rand_st,0.2,14.0,20.622177419354838,34.0,1.0
30,rand_st,0.2,19.0,28.28688524590164,53.0,1.0
31,rand_st,0.2,16.0,25.427737520128826,52.0,1.0
32,rand_st,0.2,19.0,23.2799038268884,48.0,1.0
33,rand_st,0.2,14.0,25.838948233360725,46.0,1.0
34,rand_st,0.2,15.0,20.429057434460677,37.0,1.0
35,rand_st,0.2,22.0,23.13744457879887,49.0,1.0
36,rand_st,0.2,17.0,25.819335347432023,60.0,1.0
37,rand_st,0.2,15.0,25.865440869201837,47.0,1.0
38,rand_st,0.2,16.0,23.384261113336002,37.0,1.0
39,rand_st,0.2,15.0,21.954664517428974,42.0,1.0
40,rand_st,0.2,16.0,27.060557125555107,53.0,1.0
41,rand_st,0.2,15.0,21.4821392120841,38.0,1.0
42,rand_st,0.2,15.0,24.890098388109692,48.0,1.0
43,rand_st,0.2,18.0,28.48452957272153,59.0,1.0
44,rand_st,0.2,16.0,20.63949969739762,39.0,1.0
45,rand_st,0.2,15.0,23.153555068711412,39.0,1.0
46,rand_st,0.2,16.0,18.94205646860514,34.0,1.0
47,rand_st,0.2,17.0,23.696766320927395,42.0,1.0
48,rand_st,0.2,18.0,22.740392648287386,40.0,1.0
49,rand_st,0.2,16.0,24.50071972033724,43.0,1.0
0,rand_dt,0.2,19.54,29.982744783306583,61.0,1.0
1,rand_dt,0.2,14.676,31.150642353916286,59.0,1.0
2,rand_dt,0.2,17.212,30.914090726615818,71.0,1.0
3,rand_dt,0.2,15.108,23.86125977768629,46.0,1.0
4,rand_dt,0.2,16.724,30.03226465182765,61.0,1.0
5,rand_dt,0.2,16.812,25.88078512396694,52.0,1.0
6,rand_dt,0.2,19.08,32.573921765295886,65.0,1.0
7,rand_dt,0.2,16.084,25.382223113964688,54.0,1.0
8,rand_dt,0.2,20.212,27.492952074103908,58.0,1.0
9,rand_dt,0.2,19.272,28.28810146970002,56.0,1.0
10,rand_dt,0.2,17.364,33.2598009343896,63.0,1.0
11,rand_dt,0.2,18.78,29.015095879232966,60.0,1.0
12,rand_dt,0.2,16.564,27.22947872977831,59.0,1.0
13,rand_dt,0.2,15.976,29.124645318200244,59.0,1.0
14,rand_dt,0.2,15.868,24.19244532803181,47.0,1.0
15,rand_dt,0.2,14.244,22.90728346456693,44.0,1.0
16,rand_dt,0.2,16.504,27.899405351833497,56.0,1.0
17,rand_dt,0.2,18.468,27.79688500106678,58.0,1.0
18,rand_dt,0.2,14.512,24.174586776859503,46.0,1.0
19,rand_dt,0.2,15.62,24.556139995953874,48.0,1.0
20,rand_dt,0.2,16.256,29.347694174757283,58.0,1.0
21,rand_dt,0.2,15.068,32.910782925348975,62.0,1.0
22,rand_dt,0.2,14.884,25.230593607305938,47.0,1.0
23,rand_dt,0.2,14.272,28.99398090493981,54.0,1.0
24,rand_dt,0.2,15.804,25.606730184471925,52.0,1.0
25,rand_dt,0.2,15.264,23.568309419837803,46.0,1.0
26,rand_dt,0.2,17.556,25.683312782572955,50.0,1.0
27,rand_dt,0.2,16.16,27.110054622698765,56.0,1.0
28,rand_dt,0.2,15.052,24.04280856171234,47.0,1.0
29,rand_dt,0.2,14.548,22.647282935632646,42.0,1.0
30,rand_dt,0.2,19.076,31.155043859649123,64.0,1.0
31,rand_dt,0.2,14.668,25.30886229973636,51.0,1.0
32,rand_dt,0.2,18.728,28.679730557256583,55.0,1.0
33,rand_dt,0.2,14.492,26.64150559511699,50.0,1.0
34,rand_dt,0.2,14.932,25.78675282714055,49.0,1.0
35,rand_dt,0.2,21.076,26.558256327842507,59.0,1.0
36,rand_dt,0.2,16.38,26.41866175567833,53.0,1.0
37,rand_dt,0.2,17.112,31.039531478770133,61.0,1.0
38,rand_dt,0.2,15.892,25.984305835010062,52.0,1.0
39,rand_dt,0.2,15.28,23.516195161951618,46.0,1.0
40,rand_dt,0.2,16.02,30.481717011128776,57.0,1.0
41,rand_dt,0.2,15.624,25.775485188968336,49.0,1.0
42,rand_dt,0.2,15.816,27.876180698151952,54.0,1.0
43,rand_dt,0.2,17.708,31.952871870397644,62.0,1.0
44,rand_dt,0.2,16.764,25.104213311622228,49.0,1.0
45,rand_dt,0.2,15.184,26.93468054705042,53.0,1.0
46,rand_dt,0.2,16.096,25.94524312896406,53.0,1.0
47,rand_dt,0.2,17.28,28.36866452131939,57.0,1.0
48,rand_dt,0.2,16.452,24.227133210558623,47.0,1.0
49,rand_dt,0.2,16.384,25.629676071055382,49.0,1.0
0,static,0.2,19.0,15.072281838428832,19.0,1.0
1,static,0.2,18.0,16.36063544460491,18.0,1.0
2,static,0.2,20.0,17.008074283407346,20.0,1.0
3,static,0.2,18.0,14.55922131147541,18.0,1.0
4,static,0.2,19.0,16.00161322847348,19.0,1.0
5,static,0.2,19.0,14.351305812973884,19.0,1.0
6,static,0.2,21.0,17.35621372823694,21.0,1.0
7,static,0.2,18.0,15.331375329147255,18.0,1.0
8,static,0.2,22.0,18.1963850528026,22.0,1.0
9,static,0.2,21.0,17.87131751227496,21.0,1.0
10,static,0.2,22.0,17.199310624493105,22.0,1.0
11,static,0.2,22.0,17.83272431993504,22.0,1.0
12,static,0.2,19.0,16.170450019912387,19.0,1.0
13,static,0.2,18.0,14.576212705500305,18.0,1.0
14,static,0.2,18.0,15.27616394747314,18.0,1.0
15,static,0.2,18.0,15.58107841200869,18.0,1.0
16,static,0.2,20.0,16.585846000498382,20.0,1.0
17,static,0.2,20.0,14.77291841883936,20.0,1.0
18,static,0.2,20.0,15.855231143552311,20.0,1.0
19,static,0.2,19.0,16.0,19.0,1.0
20,static,0.2,18.0,15.435685483870968,18.0,1.0
21,static,0.2,18.0,15.315980629539952,18.0,1.0
22,static,0.2,17.0,14.83006122018155,17.0,1.0
23,static,0.2,19.0,17.486194727008513,19.0,1.0
24,static,0.2,18.0,15.995577889447237,18.0,1.0
25,static,0.2,18.0,14.2731433326399,18.0,1.0
26,static,0.2,20.0,16.042548818088388,20.0,1.0
27,static,0.2,19.0,14.189714517108726,19.0,1.0
28,static,0.2,18.0,14.970337261275905,18.0,1.0
29,static,0.2,18.0,14.942373564376386,18.0,1.0
30,static,0.2,19.0,17.37028251024369,19.0,1.0
31,static,0.2,17.0,15.208308126638435,17.0,1.0
32,static,0.2,20.0,16.649629184205253,20.0,1.0
33,static,0.2,19.0,16.473921971252565,19.0,1.0
34,static,0.2,18.0,15.792614770459082,18.0,1.0
35,static,0.2,24.0,18.973928860145513,24.0,1.0
36,static,0.2,21.0,17.818181818181817,21.0,1.0
37,static,0.2,21.0,17.45323289391086,21.0,1.0
38,static,0.2,17.0,14.717583299879566,17.0,1.0
39,static,0.2,19.0,15.859245815688647,19.0,1.0
40,static,0.2,18.0,15.923371647509578,18.0,1.0
41,static,0.2,19.0,16.639983746444535,19.0,1.0
42,static,0.2,17.0,15.149759464547166,17.0,1.0
43,static,0.2,20.0,15.075872215216478,20.0,1.0
44,static,0.2,19.0,16.32666262381241,19.0,1.0
45,static,0.2,17.0,15.138151327610302,17.0,1.0
46,static,0.2,19.0,16.416173986486488,19.0,1.0
47,static,0.2,19.0,15.977571226510406,19.0,1.0
48,static,0.2,18.0,15.048306148055207,18.0,1.0
49,static,0.2,18.0,15.118661465818107,18.0,1.0
0,bsps,0.2,15.704,17.631706823243572,31.0,0.6897374701670644
1,bsps,0.2,15.008,17.763565091809365,31.0,0.6915091828586638
2,bsps,0.2,15.94,17.766249495357286,32.0,0.7006400787789266
3,bsps,0.2,14.308,15.628073770491802,28.0,0.6897448015122873
4,bsps,0.2,14.584,16.99737850373059,30.0,0.6881548974943053
5,bsps,0.2,15.268,16.480202190395957,30.0,0.6929518492672715
6,bsps,0.2,15.296,17.51130678407044,31.0,0.6939218523878437
7,bsps,0.2,13.868,15.77739517925866,28.0,0.6864580954555835
8,bsps,0.2,17.064,18.642363931762794,34.0,0.6928071928071928
9,bsps,0.2,15.768,18.166734860883796,32.0,0.6848441926345609
10,bsps,0.2,16.04,17.749797242497973,33.0,0.7009682503940554
11,bsps,0.2,16.748,18.843686561104345,33.0,0.6904586705911209
12,bsps,0.2,14.2,15.852449223416965,28.0,0.6913608388420333
13,bsps,0.2,15.04,16.5061903795413,30.0,0.6932084309133489
14,bsps,0.2,14.18,15.785714285714286,28.0,0.6928718771487509
15,bsps,0.2,14.164,15.882283231285799,28.0,0.6941917424772568
16,bsps,0.2,14.8,16.651632195365064,30.0,0.6983938132064248
17,bsps,0.2,15.912,17.12237174095879,31.0,0.6921891058581706
18,bsps,0.2,15.988,17.038726682887265,31.0,0.6936221419975933
19,bsps,0.2,15.836,17.293402431732112,31.0,0.6995337995337996
20,bsps,0.2,14.064,15.649798387096775,28.0,0.6999278672757875
21,bsps,0.2,14.536,17.226594027441486,30.0,0.6865984178687762
22,bsps,0.2,14.144,16.325522482583914,28.0,0.6872437906920665
23,bsps,0.2,15.648,18.41457338592485,31.0,0.6820868671292727
24,bsps,0.2,14.488,16.87497487437186,29.0,0.6890817064352857
25,bsps,0.2,15.184,16.513625962138548,30.0,0.6903334132885585
26,bsps,0.2,16.54,17.73463514902364,32.0,0.6977811782708493
27,bsps,0.2,14.364,15.481676452723223,29.0,0.687603305785124
28,bsps,0.2,14.492,16.084315318976024,29.0,0.690144173954148
29,bsps,0.2,15.14,16.568204714890186,30.0,0.6882166382044401
30,bsps,0.2,13.784,16.81647616993746,28.0,0.6971360381861575
31,bsps,0.2,13.644,15.712038717483363,27.0,0.6983187307601232
32,bsps,0.2,15.656,17.03086790940068,31.0,0.6946440992348714
33,bsps,0.2,15.512,17.167556468172485,30.0,0.6994466800804829
34,bsps,0.2,14.58,17.086626746506987,29.0,0.6894333085869834
35,bsps,0.2,19.336,20.43997574777688,38.0,0.6925720327782183
36,bsps,0.2,15.984,18.096339501206756,32.0,0.6989894646312621
37,bsps,0.2,16.664,18.796610169491526,33.0,0.6901749663526245
38,bsps,0.2,14.088,16.560216780409473,28.0,0.6891402714932127
39,bsps,0.2,14.856,16.231699939503933,29.0,0.6983337478239244
40,bsps,0.2,14.56,17.024803387779794,30.0,0.6932153392330384
41,bsps,0.2,14.716,17.110524177163754,29.0,0.6882775119617225
42,bsps,0.2,14.16,16.161054172767205,28.0,0.7
43,bsps,0.2,14.492,15.78625472887768,29.0,0.6911600979737252
44,bsps,0.2,15.076,16.988882150798464,30.0,0.694514574248336
45,bsps,0.2,14.024,16.055500099820325,28.0,0.691670610506389
46,bsps,0.2,15.592,17.97191722972973,31.0,0.6939177542477223
47,bsps,0.2,14.936,16.330369771671045,29.599999999999454,0.6947923533289387
48,bsps,0.2,15.052,16.944583856127142,30.0,0.6950948977076657
49,bsps,0.2,14.872,16.521042907000616,29.0,0.6935264825712992
0,baps,0.2,12.724,17.08766956873861,25.0,0.6423810618248679
1,baps,0.2,12.5,18.517020837631524,25.0,0.6384576865297947
2,baps,0.2,14.0,19.220226079935404,28.0,0.6399352900392882
3,baps,0.2,12.5,16.552663934426228,25.0,0.6475483580746738
4,baps,0.2,12.5,17.74631982254487,25.0,0.6457032091320267
5,baps,0.2,14.0,17.027801179443976,28.0,0.6386757290067967
6,baps,0.2,13.512,19.104262557534522,27.0,0.6388700564971751
7,baps,0.2,11.664,16.95726149483492,23.0,0.6362852833441068
8,baps,0.2,14.5,20.18216896831844,29.0,0.6379391100702576
9,baps,0.2,13.0,19.49120294599018,26.0,0.6412606168976308
10,baps,0.2,14.5,19.228102189781023,29.0,0.6449968132568515
11,baps,0.2,14.5,20.076329679252943,29.0,0.6451987909788421
12,baps,0.2,12.5,17.77120669056153,25.0,0.6359761295822677
13,baps,0.2,12.568,16.846559772681143,25.0,0.642350332594235
14,baps,0.2,12.5,17.624154397134898,25.0,0.6426544422615149
15,baps,0.2,12.5,17.774837053130554,25.0,0.6436146707909854
16,baps,0.2,13.0,18.552454522800897,26.0,0.6382328424562378
17,baps,0.2,14.316,17.271446593776282,28.0,0.6438690766976063
18,baps,0.2,13.5,17.80940794809408,27.0,0.6472203157172272
19,baps,0.2,13.5,18.344827586206897,27.0,0.6470716783216783
20,baps,0.2,12.316,17.34717741935484,25.0,0.6395927601809954
21,baps,0.2,12.0,16.96731234866828,24.0,0.6511472488304745
22,baps,0.2,12.0,16.999577791851383,23.0,0.6363429611098477
23,baps,0.2,13.0,19.533734689640855,26.0,0.6421725239616614
24,baps,0.2,12.192,18.007839195979898,25.0,0.6439222774514234
25,baps,0.2,13.02,16.907634699396713,25.0,0.65032080659945
26,baps,0.2,14.864,19.621377183967113,29.0,0.6393560788082653
27,baps,0.2,13.0,16.36545859485726,26.0,0.6389511429852084
28,baps,0.2,12.728,17.306785859406745,26.0,0.6378774422735346
29,baps,0.2,13.7,18.0402982067298,27.0,0.6399262332872291
30,baps,0.2,12.0,18.675005391416864,24.0,0.6473265073947668
31,baps,0.2,11.0,16.458358540028232,22.0,0.6397306397306397
32,baps,0.2,14.0,19.176588494688314,28.0,0.6442412366644894
33,baps,0.2,13.652,18.837577002053386,27.0,0.6408813877168308
34,baps,0.2,13.0,18.409580838323354,26.0,0.6422535211267606
35,baps,0.2,16.5,21.43633791430881,33.0,0.6449092741935484
36,baps,0.2,14.5,20.168744971842315,29.0,0.643045150840251
37,baps,0.2,14.42,20.026993094789706,29.0,0.6463694267515924
38,baps,0.2,11.5,16.81413087113609,23.0,0.6394354148845167
39,baps,0.2,13.0,17.69288162936076,25.0,0.6448202959830867
40,baps,0.2,11.5,17.248437184916313,23.0,0.6434599156118144
41,baps,0.2,13.0,18.767370987403496,26.0,0.6411645226811103
42,baps,0.2,11.688,17.299309767830998,23.0,0.6408626560726447
43,baps,0.2,13.0,16.633879781420767,26.0,0.6454081632653061
44,baps,0.2,12.5,18.04123711340206,25.0,0.6389487289961223
45,baps,0.2,12.0,17.299860251547216,24.0,0.6445985238201745
46,baps,0.2,13.0,18.41110641891892,26.0,0.6449443413729128
47,baps,0.2,13.5,18.218832087290362,27.0,0.6416410256410257
48,baps,0.2,11.64,16.530322040987034,23.0,0.6404285048905449
49,baps,0.2,13.0,17.425785259700266,25.0,0.6443010752688172
0,ewma,0.2,15.4,17.493217250455558,31.0,0.6735508096690918
1,ewma,0.2,14.848,17.77140499277904,30.0,0.6672699069286453
2,ewma,0.2,15.604,17.761808639483245,31.0,0.6759749638902263
3,ewma,0.2,14.024,15.621516393442622,28.0,0.6700321248279028
4,ewma,0.2,14.016,16.793708408953417,29.0,0.6701582349008246
5,ewma,0.2,14.804,16.52548441449031,29.0,0.6652399189006533
6,ewma,0.2,15.048,17.375625375225134,30.0,0.6721506914639962
7,ewma,0.2,13.52,15.415637026534332,27.0,0.6791347453808022
8,ewma,0.2,16.692,18.58285946385053,33.0,0.6697425934919864
9,ewma,0.2,15.416,18.046031096563013,32.0,0.6704387990762125
10,ewma,0.2,15.588,17.883008921330088,32.0,0.6667390360399479
11,ewma,0.2,16.464,18.763296792529434,33.0,0.6701570680628273
12,ewma,0.2,14.0,15.71784149741139,28.0,0.6753856472166331
13,ewma,0.2,14.712,16.654150598741627,29.0,0.663923182441701
14,ewma,0.2,13.912,15.747115001989654,28.0,0.6712725651883218
15,ewma,0.2,13.996,15.961287774047008,28.0,0.6733439562941043
16,ewma,0.2,14.396,16.3299277348617,29.0,0.6770348837209302
17,ewma,0.2,15.596,17.01555929352397,31.0,0.6665830406422478
18,ewma,0.2,15.556,16.84022708840227,31.0,0.682064576950271
19,ewma,0.2,15.528,17.511062387881204,31.0,0.666967305524239
20,ewma,0.2,13.708,15.59274193548387,27.0,0.6724420510419106
21,ewma,0.2,14.168,17.158393866020983,29.0,0.667572463768116
22,ewma,0.2,13.824,16.056998100063332,27.0,0.6784695817490495
23,ewma,0.2,15.296,18.184139505916544,31.0,0.6718987341772152
24,ewma,0.2,14.188,16.846633165829147,28.0,0.6701030927835051
25,ewma,0.2,14.852,16.49240690659455,29.0,0.6707231453311491
26,ewma,0.2,16.216,17.70154162384378,32.0,0.672
27,ewma,0.2,14.012,15.406357562259567,28.0,0.6652768126013435
28,ewma,0.2,14.316,16.22206420154409,29.0,0.670420592967134
29,ewma,0.2,14.872,16.439451944388473,29.0,0.6701570680628273
30,ewma,0.2,13.392,16.762777657968513,27.0,0.6728035422978327
31,ewma,0.2,13.376,15.851986287557976,27.0,0.6637514384349827
32,ewma,0.2,15.408,17.121266786931248,30.0,0.6686936936936937
33,ewma,0.2,15.376,17.51334702258727,30.0,0.6698982064953951
34,ewma,0.2,14.244,16.96187624750499,29.0,0.6676363636363636
35,ewma,0.2,19.04,20.233831851253033,38.0,0.6721698113207547
36,ewma,0.2,15.428,18.1532582461786,31.0,0.6613504556752279
37,ewma,0.2,16.34,18.59301109018623,33.0,0.676501860712387
38,ewma,0.2,13.808,16.629265355279003,28.0,0.6638729598588443
39,ewma,0.2,14.488,16.213752772736438,28.0,0.6676356589147286
40,ewma,0.2,14.072,16.913692276668684,29.0,0.6755716004813478
41,ewma,0.2,14.404,17.029256399837465,29.0,0.6698620528407763
42,ewma,0.2,13.852,16.450533361221503,28.0,0.6611551001397299
43,ewma,0.2,13.972,15.622740647330811,28.0,0.6740464708461201
44,ewma,0.2,14.792,17.027491408934708,30.0,0.6697777777777778
45,ewma,0.2,13.888,16.227789978039528,28.0,0.6713528462779442
46,ewma,0.2,15.18,17.778716216216218,31.0,0.6673886883273165
47,ewma,0.2,14.6,16.40856738735098,29.0,0.6675180928054492
48,ewma,0.2,14.848,16.961313258051025,30.0,0.6731047802993723
49,ewma,0.2,14.56,16.53028125641552,28.0,0.6672546857772877
0,oracle,0.2,10.236,8.477019639603158,12.0,1.0
1,oracle,0.2,10.728,9.318341242005364,13.0,1.0
2,oracle,0.2,10.968,8.867581752119499,12.0,1.0
3,oracle,0.2,10.092,7.523770491803279,11.0,1.0
4,oracle,0.2,9.896,8.399274047186934,12.0,1.0
5,oracle,0.2,10.716,8.208298230834036,12.0,1.0
6,oracle,0.2,10.392,8.43245947568541,12.0,1.0
7,oracle,0.2,9.384,7.336641685233948,10.0,1.0
8,oracle,0.2,11.072,8.291632818846466,12.0,1.0
9,oracle,0.2,10.068,8.430441898527006,12.0,1.0
10,oracle,0.2,10.448,8.884225466342254,13.0,1.0
11,oracle,0.2,11.392,8.996548924076329,12.0,1.0
12,oracle,0.2,9.924,7.686778176025488,11.0,1.0
13,oracle,0.2,10.572,8.314390095392733,12.0,1.0
14,oracle,0.2,9.968,7.6824512534818945,11.0,1.0
15,oracle,0.2,9.956,7.850681414181316,11.0,1.0
16,oracle,0.2,9.896,7.943184649887865,11.0,1.0
17,oracle,0.2,11.2,8.387931034482758,12.0,1.0
18,oracle,0.2,11.08,8.219789132197892,12.0,1.0
19,oracle,0.2,10.832,8.248355590990633,12.0,1.0
20,oracle,0.2,9.936,8.009274193548388,11.0,1.0
21,oracle,0.2,10.144,8.9818401937046,12.0,1.0
22,oracle,0.2,10.048,8.123073675321933,11.0,1.0
23,oracle,0.2,11.2,9.69483080755657,12.0,1.0
24,oracle,0.2,9.92,8.062713567839197,11.0,1.0
25,oracle,0.2,10.384,7.950696900353651,11.0,1.0
26,oracle,0.2,11.88,8.859609455292908,13.0,1.0
27,oracle,0.2,10.172,7.862725248025916,11.0,1.0
28,oracle,0.2,10.2,7.8449817147501015,11.0,1.0
29,oracle,0.2,10.936,8.306467862180133,12.0,1.0
30,oracle,0.2,8.988,8.136726331679965,10.0,1.0
31,oracle,0.2,9.632,7.952006452913894,11.0,1.0
32,oracle,0.2,10.9,8.22449388655041,12.0,1.0
33,oracle,0.2,11.144,8.955852156057494,12.0,1.0
34,oracle,0.2,10.556,8.768463073852296,12.0,1.0
35,oracle,0.2,12.656,8.927041228779304,14.0,1.0
36,oracle,0.2,10.596,8.344127111826227,12.0,1.0
37,oracle,0.2,11.296,9.57187696170747,13.0,1.0
38,oracle,0.2,9.712,8.290244881573665,11.0,1.0
39,oracle,0.2,10.192,7.715466827989514,11.0,1.0
40,oracle,0.2,9.924,8.71607178866707,11.0,1.0
41,oracle,0.2,9.944,8.01950426655831,11.0,1.0
42,oracle,0.2,9.824,8.326709893327756,11.0,1.0
43,oracle,0.2,9.36,7.720050441361916,11.0,1.0
44,oracle,0.2,9.992,7.975945017182131,11.0,1.0
45,oracle,0.2,9.896,8.225993212218007,11.0,1.0
46,oracle,0.2,10.432,8.333826013513514,12.0,1.0
47,oracle,0.2,10.316,7.8553243079409985,11.0,1.0
48,oracle,0.2,10.016,7.979924717691342,11.0,1.0
49,oracle,0.2,10.352,7.890576883596798,11.0,1.0
