net,scheme,p,reachable,nodes,delta_T,depth,tree_frame,frame_len,energy_uC,duty_b,radio_on,latency,latency_p95,wasted,granted,removal,service,failed,delayed,pdr
0,csma,0.02,0.99,99,9,7,19,19.0,1328.1320367346939,1.0,19.0,4.543388429752066,10.0,nan,nan,nan,nan,0,0.0,0.9897750511247444
1,csma,0.02,1.0,100,8,7,18,18.0,1286.00981010101,1.0,18.0,5.51008064516129,11.0,nan,nan,nan,nan,0,0.0,0.9979879275653923
2,csma,0.02,1.0,100,11,8,20,20.0,1371.722686868687,1.0,20.0,4.839583333333334,9.0,nan,nan,nan,nan,0,0.0,0.997920997920998
3,csma,0.02,0.99,99,11,6,18,18.0,1282.23653877551,1.0,18.0,4.61407249466951,11.0,nan,nan,nan,nan,0,0.0,0.9873684210526316
4,csma,0.02,1.0,100,9,8,19,19.0,1329.820391919192,1.0,19.0,4.889112903225806,10.0,nan,nan,nan,nan,0,0.0,0.9900199600798403
5,csma,0.02,0.97,97,12,6,19,19.0,1326.5354041666667,1.0,19.0,4.525458248472505,10.0,nan,nan,nan,nan,0,0.0,0.9879275653923542
6,csma,0.02,1.0,100,9,6,21,21.0,1412.8862383838384,1.0,21.0,4.687374749498998,10.0,nan,nan,nan,nan,0,0.0,0.9960079840319361
7,csma,0.02,1.0,100,13,7,18,18.0,1283.7086101010102,1.0,18.0,4.652694610778443,10.0,nan,nan,nan,nan,0,0.0,0.9920792079207921
8,csma,0.02,1.0,100,15,6,22,22.0,1457.379616161616,1.0,22.0,4.256461232604374,9.0,nan,nan,nan,nan,0,0.0,0.996039603960396
9,csma,0.02,1.0,100,13,5,21,21.0,1415.5973777777779,1.0,21.0,4.673870333988212,10.0,nan,nan,nan,nan,0,0.0,1.0
10,csma,0.02,1.0,100,9,6,22,22.0,1458.9442060606061,1.0,22.0,5.635814889336016,11.0,nan,nan,nan,nan,0,0.0,1.0
11,csma,0.02,1.0,100,12,6,22,22.0,1455.9898585858587,1.0,22.0,4.519396551724138,10.0,nan,nan,nan,nan,0,0.0,0.9957081545064378
12,csma,0.02,1.0,100,11,8,19,19.0,1326.482121212121,1.0,19.0,4.759219088937093,11.0,nan,nan,nan,nan,0,0.0,0.9913978494623656
13,csma,0.02,1.0,100,12,8,18,18.0,1284.0416606060605,1.0,18.0,4.952479338842975,11.0,nan,nan,nan,nan,0,0.0,0.9938398357289527
14,csma,0.02,1.0,100,10,5,18,18.0,1283.1403595959596,1.0,18.0,4.989775051124744,11.0,nan,nan,nan,nan,0,0.0,0.9918864097363083
15,csma,0.02,1.0,100,12,5,18,18.0,1282.1556484848484,1.0,18.0,4.962890625,10.0,nan,nan,nan,nan,0,0.0,0.9922480620155039
16,csma,0.02,0.82,82,10,6,20,20.0,1370.2488296296297,1.0,20.0,4.767857142857143,10.0,nan,nan,nan,nan,0,0.0,0.9974554707379135
17,csma,0.02,0.97,97,11,6,20,20.0,1370.5881166666668,1.0,20.0,4.6923076923076925,10.0,nan,nan,nan,nan,0,0.0,0.9852631578947368
18,csma,0.02,1.0,100,12,5,20,20.0,1368.6298787878786,1.0,20.0,4.604081632653061,9.549999999999955,nan,nan,nan,nan,0,0.0,0.9959349593495935
19,csma,0.02,1.0,100,10,5,19,19.0,1325.6348363636364,1.0,19.0,4.547667342799189,10.399999999999977,nan,nan,nan,nan,0,0.0,0.9939516129032258
20,csma,0.02,1.0,100,9,6,18,18.0,1286.9079515151516,1.0,18.0,5.136690647482014,11.0,nan,nan,nan,nan,0,0.0,1.0
21,csma,0.02,1.0,100,8,8,18,18.0,1286.6647313131314,1.0,18.0,5.789783889980353,12.0,nan,nan,nan,nan,0,0.0,1.0
22,csma,0.02,0.97,97,10,5,17,17.0,1239.2724208333334,1.0,17.0,4.968468468468468,10.0,nan,nan,nan,nan,0,0.0,0.9910714285714286
23,csma,0.02,0.97,97,7,7,19,19.0,1328.1576791666666,1.0,19.0,5.171673819742489,10.0,nan,nan,nan,nan,0,0.0,1.0
24,csma,0.02,1.0,100,10,6,18,18.0,1283.3780161616162,1.0,18.0,4.4288659793814436,10.0,nan,nan,nan,nan,0,0.0,0.9897959183673469
25,csma,0.02,0.99,99,11,5,18,18.0,1281.7183795918368,1.0,18.0,4.294491525423729,10.0,nan,nan,nan,nan,0,0.0,0.9978858350951374
26,csma,0.02,1.0,100,10,5,20,20.0,1367.6324525252526,1.0,20.0,4.142857142857143,9.0,nan,nan,nan,nan,0,0.0,0.9977728285077951
27,csma,0.02,1.0,100,12,6,19,19.0,1325.2373575757574,1.0,19.0,4.667355371900826,10.0,nan,nan,nan,nan,0,0.0,0.9958847736625515
28,csma,0.02,1.0,100,13,5,18,18.0,1282.1225333333332,1.0,18.0,4.352083333333334,10.0,nan,nan,nan,nan,0,0.0,0.9917355371900827
29,csma,0.02,1.0,100,9,5,18,18.0,1281.1888242424243,1.0,18.0,4.49780701754386,9.0,nan,nan,nan,nan,0,0.0,0.991304347826087
30,csma,0.02,0.93,93,11,6,19,19.0,1328.3577217391305,1.0,19.0,5.0638297872340425,12.0,nan,nan,nan,nan,0,0.0,1.0
31,csma,0.02,1.0,100,9,6,17,17.0,1240.8575595959596,1.0,17.0,5.3612244897959185,12.0,nan,nan,nan,nan,0,0.0,1.0
32,csma,0.02,1.0,100,10,6,20,20.0,1369.2923353535355,1.0,20.0,4.464818763326226,10.0,nan,nan,nan,nan,0,0.0,0.997872340425532
33,csma,0.02,1.0,100,12,6,19,19.0,1326.8651151515153,1.0,19.0,5.613412228796844,11.0,nan,nan,nan,nan,0,0.0,0.990234375
34,csma,0.02,1.0,100,8,6,18,18.0,1285.854719191919,1.0,18.0,4.913443830570903,10.0,nan,nan,nan,nan,0,0.0,0.9963302752293578
35,csma,0.02,1.0,100,19,5,24,24.0,1542.2574222222222,1.0,24.0,4.1020408163265305,10.0,nan,nan,nan,nan,0,0.0,1.0
36,csma,0.02,0.97,97,12,5,21,21.0,1413.5806875,1.0,21.0,4.693446088794926,10.0,nan,nan,nan,nan,0,0.0,1.0
37,csma,0.02,0.96,96,7,7,21,21.0,1414.357743157895,1.0,21.0,5.108974358974359,12.0,nan,nan,nan,nan,0,0.0,1.0
38,csma,0.02,1.0,100,9,6,17,17.0,1241.6478464646466,1.0,17.0,5.194230769230769,11.0,nan,nan,nan,nan,0,0.0,0.9904761904761905
39,csma,0.02,1.0,100,11,6,19,19.0,1326.3706424242423,1.0,19.0,4.3076923076923075,9.0,nan,nan,nan,nan,0,0.0,0.993963782696177
40,csma,0.02,1.0,100,11,7,18,18.0,1283.658383838384,1.0,18.0,4.9070247933884295,10.0,nan,nan,nan,nan,0,0.0,0.9877551020408163
41,csma,0.02,1.0,100,10,5,19,19.0,1328.4567474747473,1.0,19.0,4.906614785992218,10.349999999999966,nan,nan,nan,nan,0,0.0,0.9903660886319846
42,csma,0.02,1.0,100,8,6,17,17.0,1238.9469494949496,1.0,17.0,4.834080717488789,10.0,nan,nan,nan,nan,0,0.0,0.9977628635346756
43,csma,0.02,0.96,96,9,6,20,20.0,1369.7937894736842,1.0,20.0,5.202586206896552,11.0,nan,nan,nan,nan,0,0.0,0.9935760171306209
44,csma,0.02,1.0,100,11,5,19,19.0,1324.7957818181817,1.0,19.0,4.174273858921162,9.0,nan,nan,nan,nan,0,0.0,0.9877049180327869
45,csma,0.02,1.0,100,10,6,17,17.0,1240.7390424242424,1.0,17.0,4.795546558704453,10.0,nan,nan,nan,nan,0,0.0,0.997979797979798
46,csma,0.02,0.99,99,10,6,19,19.0,1324.2530285714288,1.0,19.0,4.348519362186789,9.0,nan,nan,nan,nan,0,0.0,0.9954648526077098
47,csma,0.02,1.0,100,16,5,19,19.0,1325.8831111111112,1.0,19.0,4.620545073375262,11.0,nan,nan,nan,nan,0,0.0,0.997907949790795
48,csma,0.02,0.99,99,13,6,18,18.0,1282.7620571428572,1.0,18.0,4.387550200803213,10.0,nan,nan,nan,nan,0,0.0,0.9880952380952381
49,csma,0.02,1.0,100,13,5,18,18.0,1284.493098989899,1.0,18.0,4.629032258064516,10.0,nan,nan,nan,nan,0,0.0,0.9939879759519038
0,csma,0.05,0.99,99,9,7,19,19.0,1363.0938816326532,1.0,19.0,7.561632653061224,16.0,nan,nan,nan,nan,0,0.0,0.9745425616547335
1,csma,0.05,1.0,100,8,7,18,18.0,1319.3579353535354,1.0,18.0,8.742174629324547,15.349999999999909,nan,nan,nan,nan,0,0.0,0.982200647249191
2,csma,0.05,1.0,100,11,8,20,20.0,1410.0132484848486,1.0,20.0,6.890776699029126,15.0,nan,nan,nan,nan,0,0.0,0.9848605577689243
3,csma,0.05,0.99,99,11,6,18,18.0,1312.86906122449,1.0,18.0,7.235738255033557,14.0,nan,nan,nan,nan,0,0.0,0.9875724937862469
4,csma,0.05,1.0,100,9,8,19,19.0,1366.911309090909,1.0,19.0,7.2912,15.0,nan,nan,nan,nan,0,0.0,0.9720062208398134
5,csma,0.05,0.97,97,12,6,19,19.0,1358.756225,1.0,19.0,7.0790349417637275,14.0,nan,nan,nan,nan,0,0.0,0.9860541427399507
6,csma,0.05,1.0,100,9,6,21,21.0,1443.1094787878787,1.0,21.0,6.676445211389129,15.0,nan,nan,nan,nan,0,0.0,0.9889078498293515
7,csma,0.05,1.0,100,13,7,18,18.0,1315.333373737374,1.0,18.0,7.626043405676127,15.0,nan,nan,nan,nan,0,0.0,0.9803600654664485
8,csma,0.05,1.0,100,15,6,22,22.0,1492.4130707070708,1.0,22.0,6.789692435577722,15.0,nan,nan,nan,nan,0,0.0,0.9748784440842788
9,csma,0.05,1.0,100,13,5,21,21.0,1449.2987393939395,1.0,21.0,6.568643379366369,15.0,nan,nan,nan,nan,0,0.0,0.9855884707766213
10,csma,0.05,1.0,100,9,6,22,22.0,1493.965983838384,1.0,22.0,7.447087776866284,16.0,nan,nan,nan,nan,0,0.0,0.9759807846277022
11,csma,0.05,1.0,100,12,6,22,22.0,1489.425709090909,1.0,22.0,6.83061049011178,15.899999999999864,nan,nan,nan,nan,0,0.0,0.9781328847771237
12,csma,0.05,1.0,100,11,8,19,19.0,1358.1174424242424,1.0,19.0,6.4375,14.0,nan,nan,nan,nan,0,0.0,0.9787595581988106
13,csma,0.05,1.0,100,12,8,18,18.0,1316.0436606060607,1.0,18.0,7.790468364831553,15.0,nan,nan,nan,nan,0,0.0,0.9854251012145749
14,csma,0.05,1.0,100,10,5,18,18.0,1313.7684565656564,1.0,18.0,7.81255230125523,15.0,nan,nan,nan,nan,0,0.0,0.962157809983897
15,csma,0.05,1.0,100,12,5,18,18.0,1312.086921212121,1.0,18.0,7.234959349593496,15.0,nan,nan,nan,nan,0,0.0,0.9761904761904762
16,csma,0.05,0.82,82,10,6,20,20.0,1403.770414814815,1.0,20.0,6.628398791540786,14.0,nan,nan,nan,nan,0,0.0,0.9900299102691924
17,csma,0.05,0.97,97,11,6,20,20.0,1402.7616791666667,1.0,20.0,7.007832898172324,15.0,nan,nan,nan,nan,0,0.0,0.9712595097210481
18,csma,0.05,1.0,100,12,5,20,20.0,1401.210105050505,1.0,20.0,7.723662884927067,15.0,nan,nan,nan,nan,0,0.0,0.9747235387045814
19,csma,0.05,1.0,100,10,5,19,19.0,1356.7633575757577,1.0,19.0,7.49919224555735,15.0,nan,nan,nan,nan,0,0.0,0.9825396825396825
20,csma,0.05,1.0,100,9,6,18,18.0,1316.9713414141415,1.0,18.0,7.068273092369478,15.0,nan,nan,nan,nan,0,0.0,0.9912420382165605
21,csma,0.05,1.0,100,8,8,18,18.0,1318.6616525252527,1.0,18.0,8.486307053941909,16.0,nan,nan,nan,nan,0,0.0,0.990139687756779
22,csma,0.05,0.97,97,10,5,17,17.0,1270.555775,1.0,17.0,8.456779661016949,15.0,nan,nan,nan,nan,0,0.0,0.9882747068676717
23,csma,0.05,0.97,97,7,7,19,19.0,1362.5649708333337,1.0,19.0,8.066498316498317,15.0,nan,nan,nan,nan,0,0.0,0.9908256880733946
24,csma,0.05,1.0,100,10,6,18,18.0,1317.8804404040402,1.0,18.0,8.051512673753066,15.0,nan,nan,nan,nan,0,0.0,0.971405877680699
25,csma,0.05,0.99,99,11,5,18,18.0,1313.8692897959183,1.0,18.0,7.489158716392021,15.0,nan,nan,nan,nan,0,0.0,0.9705387205387206
26,csma,0.05,1.0,100,10,5,20,20.0,1401.6161818181822,1.0,20.0,6.715242881072027,14.0,nan,nan,nan,nan,0,0.0,0.9835255354200988
27,csma,0.05,1.0,100,12,6,19,19.0,1355.9554828282828,1.0,19.0,7.147299509001637,15.0,nan,nan,nan,nan,0,0.0,0.9838969404186796
28,csma,0.05,1.0,100,13,5,18,18.0,1314.0829212121214,1.0,18.0,6.864617940199335,14.849999999999909,nan,nan,nan,nan,0,0.0,0.9860769860769861
29,csma,0.05,1.0,100,9,5,18,18.0,1310.7536646464648,1.0,18.0,6.501706484641638,14.0,nan,nan,nan,nan,0,0.0,0.9791144527986633
30,csma,0.05,0.93,93,11,6,19,19.0,1358.5754739130432,1.0,19.0,7.463348416289593,14.799999999999955,nan,nan,nan,nan,0,0.0,0.9937050359712231
31,csma,0.05,1.0,100,9,6,17,17.0,1270.641995959596,1.0,17.0,7.744556113902847,14.0,nan,nan,nan,nan,0,0.0,0.9819078947368421
32,csma,0.05,1.0,100,10,6,20,20.0,1402.6043434343435,1.0,20.0,7.2416943521594686,15.0,nan,nan,nan,nan,0,0.0,0.9836601307189542
33,csma,0.05,1.0,100,12,6,19,19.0,1355.4492606060608,1.0,19.0,7.179574468085106,16.0,nan,nan,nan,nan,0,0.0,0.9775374376039934
34,csma,0.05,1.0,100,8,6,18,18.0,1316.7652484848486,1.0,18.0,7.4709163346613545,15.0,nan,nan,nan,nan,0,0.0,0.9866352201257862
35,csma,0.05,1.0,100,19,5,24,24.0,1578.172606060606,1.0,24.0,6.535833333333334,15.0,nan,nan,nan,nan,0,0.0,0.9771986970684039
36,csma,0.05,0.97,97,12,5,21,21.0,1448.0577875000001,1.0,21.0,6.829573934837093,15.0,nan,nan,nan,nan,0,0.0,0.9787408013082584
37,csma,0.05,0.96,96,7,7,21,21.0,1449.9331999999997,1.0,21.0,7.394449116904962,16.0,nan,nan,nan,nan,0,0.0,0.9941471571906354
38,csma,0.05,1.0,100,9,6,17,17.0,1274.160161616162,1.0,17.0,8.36205533596838,15.0,nan,nan,nan,nan,0,0.0,0.9813809154383243
39,csma,0.05,1.0,100,11,6,19,19.0,1357.8866666666668,1.0,19.0,6.857261410788381,14.799999999999955,nan,nan,nan,nan,0,0.0,0.9757085020242915
40,csma,0.05,1.0,100,11,7,18,18.0,1319.6821575757574,1.0,18.0,10.087801087801088,17.0,nan,nan,nan,nan,0,0.0,0.9969016266460109
41,csma,0.05,1.0,100,10,5,19,19.0,1361.23538989899,1.0,19.0,7.196386488609583,15.0,nan,nan,nan,nan,0,0.0,0.9883540372670807
42,csma,0.05,1.0,100,8,6,17,17.0,1268.4899434343433,1.0,17.0,6.760070052539405,14.0,nan,nan,nan,nan,0,0.0,0.9878892733564014
43,csma,0.05,0.96,96,9,6,20,20.0,1403.7607115789472,1.0,20.0,7.065833333333333,15.0,nan,nan,nan,nan,0,0.0,0.9917355371900827
44,csma,0.05,1.0,100,11,5,19,19.0,1357.065191919192,1.0,19.0,6.757575757575758,14.0,nan,nan,nan,nan,0,0.0,0.9666395443449959
45,csma,0.05,1.0,100,10,6,17,17.0,1273.0471474747476,1.0,17.0,7.4897792313982015,15.0,nan,nan,nan,nan,0,0.0,0.9776179056754596
46,csma,0.05,0.99,99,10,6,19,19.0,1357.5463142857145,1.0,19.0,7.0093856655290105,15.0,nan,nan,nan,nan,0,0.0,0.9857022708158116
47,csma,0.05,1.0,100,16,5,19,19.0,1359.6993292929292,1.0,19.0,6.56568144499179,14.0,nan,nan,nan,nan,0,0.0,0.9814665592264303
48,csma,0.05,0.99,99,13,6,18,18.0,1313.0304448979593,1.0,18.0,7.246351931330472,15.0,nan,nan,nan,nan,0,0.0,0.9724540901502504
49,csma,0.05,1.0,100,13,5,18,18.0,1316.1774383838383,1.0,18.0,7.462114904246461,15.0,nan,nan,nan,nan,0,0.0,0.9812091503267973
0,csma,0.1,0.99,99,9,7,19,19.0,1414.8313224489796,1.0,19.0,11.996100519930676,19.0,nan,nan,nan,nan,0,0.0,0.9280257338158424
1,csma,0.1,1.0,100,8,7,18,18.0,1366.9522909090913,1.0,18.0,16.03125,102.0,nan,nan,nan,nan,0,0.0,0.970513900589722
2,csma,0.1,1.0,100,11,8,20,20.0,1464.2067353535356,1.0,20.0,12.091973244147157,19.0,nan,nan,nan,nan,0,0.0,0.9652945924132365
3,csma,0.1,0.99,99,11,6,18,18.0,1365.6087387755103,1.0,18.0,15.65336879432624,103.0,nan,nan,nan,nan,0,0.0,0.9141004862236629
4,csma,0.1,1.0,100,9,8,19,19.0,1416.8180404040404,1.0,19.0,12.360325621251071,19.0,nan,nan,nan,nan,0,0.0,0.9415086728519564
5,csma,0.1,0.97,97,12,6,19,19.0,1413.082325,1.0,19.0,13.237849462365592,19.0,nan,nan,nan,nan,0,0.0,0.9288853375948861
6,csma,0.1,1.0,100,9,6,21,21.0,1497.8761252525253,1.0,21.0,10.930693069306932,20.0,nan,nan,nan,nan,0,0.0,0.9684378745505393
7,csma,0.1,1.0,100,13,7,18,18.0,1367.2608202020206,1.0,18.0,14.241537818637694,102.0,nan,nan,nan,nan,0,0.0,0.9522483087942698
8,csma,0.1,1.0,100,15,6,22,22.0,1545.0895313131316,1.0,22.0,10.071273359408952,19.0,nan,nan,nan,nan,0,0.0,0.9453574363188167
9,csma,0.1,1.0,100,13,5,21,21.0,1501.219862626263,1.0,21.0,11.457266811279826,20.0,nan,nan,nan,nan,0,0.0,0.9632260760551609
10,csma,0.1,1.0,100,9,6,22,22.0,1546.5880525252528,1.0,22.0,11.371116708648195,20.0,nan,nan,nan,nan,0,0.0,0.9635922330097088
11,csma,0.1,1.0,100,12,6,22,22.0,1547.0622585858587,1.0,22.0,11.070488322717623,20.0,nan,nan,nan,nan,0,0.0,0.9565393988627132
12,csma,0.1,1.0,100,11,8,19,19.0,1409.704884848485,1.0,19.0,11.103508771929825,18.0,nan,nan,nan,nan,0,0.0,0.9425382389417114
13,csma,0.1,1.0,100,12,8,18,18.0,1365.5920323232324,1.0,18.0,14.314732142857142,101.0,nan,nan,nan,nan,0,0.0,0.9388097233864208
14,csma,0.1,1.0,100,10,5,18,18.0,1364.105066666667,1.0,18.0,12.89455028799291,18.0,nan,nan,nan,nan,0,0.0,0.9185999185999186
15,csma,0.1,1.0,100,12,5,18,18.0,1358.0238303030303,1.0,18.0,14.528791208791208,101.0,nan,nan,nan,nan,0,0.0,0.922920892494929
16,csma,0.1,0.82,82,10,6,20,20.0,1454.146237037037,1.0,20.0,9.970217062089853,18.0,nan,nan,nan,nan,0,0.0,0.9744220363994097
17,csma,0.1,0.97,97,11,6,20,20.0,1458.5755958333334,1.0,20.0,11.707084468664851,19.0,nan,nan,nan,nan,0,0.0,0.9259882253994953
18,csma,0.1,1.0,100,12,5,20,20.0,1450.8620888888893,1.0,20.0,11.292193632795465,19.0,nan,nan,nan,nan,0,0.0,0.9420706655710764
19,csma,0.1,1.0,100,10,5,19,19.0,1407.7900080808083,1.0,19.0,12.26752688172043,19.0,nan,nan,nan,nan,0,0.0,0.9378781766841469
20,csma,0.1,1.0,100,9,6,18,18.0,1364.6763595959599,1.0,18.0,14.588136306268405,102.0,nan,nan,nan,nan,0,0.0,0.9690175295556461
21,csma,0.1,1.0,100,8,8,18,18.0,1365.7887797979802,1.0,18.0,15.77801817395067,102.0,nan,nan,nan,nan,0,0.0,0.9653299916457811
22,csma,0.1,0.97,97,10,5,17,17.0,1320.4778750000003,1.0,17.0,14.510683760683762,102.0,nan,nan,nan,nan,0,0.0,0.9601969634796882
23,csma,0.1,0.97,97,7,7,19,19.0,1418.50795,1.0,19.0,14.627276577721304,101.0,nan,nan,nan,nan,0,0.0,0.9696098562628337
24,csma,0.1,1.0,100,10,6,18,18.0,1368.2507434343436,1.0,18.0,14.422241158926289,101.0,nan,nan,nan,nan,0,0.0,0.9448470209339774
25,csma,0.1,0.99,99,11,5,18,18.0,1365.3674775510208,1.0,18.0,14.43468667255075,101.0,nan,nan,nan,nan,0,0.0,0.9321266968325792
26,csma,0.1,1.0,100,10,5,20,20.0,1456.6224444444445,1.0,20.0,11.636287274254515,19.0,nan,nan,nan,nan,0,0.0,0.9612434396447316
27,csma,0.1,1.0,100,12,6,19,19.0,1403.7477090909094,1.0,19.0,11.644385026737968,19.0,nan,nan,nan,nan,0,0.0,0.9272727272727272
28,csma,0.1,1.0,100,13,5,18,18.0,1366.561672727273,1.0,18.0,13.120234604105573,18.0,nan,nan,nan,nan,0,0.0,0.9371809972516686
29,csma,0.1,1.0,100,9,5,18,18.0,1359.9938666666667,1.0,18.0,13.835299257317606,18.0,nan,nan,nan,nan,0,0.0,0.9408138101109741
30,csma,0.1,0.93,93,11,6,19,19.0,1409.5628130434784,1.0,19.0,12.022801302931596,18.0,nan,nan,nan,nan,0,0.0,0.9542628774422736
31,csma,0.1,1.0,100,9,6,17,17.0,1318.3671595959595,1.0,17.0,15.097708603545179,101.0,nan,nan,nan,nan,0,0.0,0.9410089503661514
32,csma,0.1,1.0,100,10,6,20,20.0,1454.8904121212124,1.0,20.0,11.717550668391548,19.0,nan,nan,nan,nan,0,0.0,0.951579811243332
33,csma,0.1,1.0,100,12,6,19,19.0,1409.379696969697,1.0,19.0,13.83018056749785,19.0,nan,nan,nan,nan,0,0.0,0.9474541751527495
34,csma,0.1,1.0,100,8,6,18,18.0,1366.6751595959597,1.0,18.0,15.2751873438801,102.0,nan,nan,nan,nan,0,0.0,0.954310687326182
35,csma,0.1,1.0,100,19,5,24,24.0,1638.1239030303034,1.0,24.0,10.347553324968633,21.0,nan,nan,nan,nan,0,0.0,0.9450592885375494
36,csma,0.1,0.97,97,12,5,21,21.0,1499.0574125,1.0,21.0,10.180096873623954,19.0,nan,nan,nan,nan,0,0.0,0.9582278481012658
37,csma,0.1,0.96,96,7,7,21,21.0,1503.595305263158,1.0,21.0,12.199141630901288,20.0,nan,nan,nan,nan,0,0.0,0.9612211221122112
38,csma,0.1,1.0,100,9,6,17,17.0,1318.804775757576,1.0,17.0,17.44122731201383,104.0,nan,nan,nan,nan,0,0.0,0.9605645496056455
39,csma,0.1,1.0,100,11,6,19,19.0,1411.8060929292928,1.0,19.0,13.274379432624114,19.0,nan,nan,nan,nan,0,0.0,0.8998803350618269
40,csma,0.1,1.0,100,11,7,18,18.0,1372.594783838384,1.0,18.0,16.97375745526839,103.0,nan,nan,nan,nan,0,0.0,0.9669357939254133
41,csma,0.1,1.0,100,10,5,19,19.0,1411.43496969697,1.0,19.0,12.594129979035639,19.0,nan,nan,nan,nan,0,0.0,0.9551461754104926
42,csma,0.1,1.0,100,8,6,17,17.0,1317.407301010101,1.0,17.0,15.424095322153574,102.0,nan,nan,nan,nan,0,0.0,0.958139534883721
43,csma,0.1,0.96,96,9,6,20,20.0,1454.5477263157895,1.0,20.0,12.473272490221643,20.0,nan,nan,nan,nan,0,0.0,0.974587039390089
44,csma,0.1,1.0,100,11,5,19,19.0,1406.434387878788,1.0,19.0,12.646681922196796,19.0,nan,nan,nan,nan,0,0.0,0.9130798161303803
45,csma,0.1,1.0,100,10,6,17,17.0,1317.6677373737375,1.0,17.0,14.99391039582427,102.0,nan,nan,nan,nan,0,0.0,0.9383673469387755
46,csma,0.1,0.99,99,10,6,19,19.0,1411.0077755102043,1.0,19.0,12.750327367961589,19.0,nan,nan,nan,nan,0,0.0,0.9420230263157895
47,csma,0.1,1.0,100,16,5,19,19.0,1414.7282424242426,1.0,19.0,13.616715913887717,19.0,nan,nan,nan,nan,0,0.0,0.9476
48,csma,0.1,0.99,99,13,6,18,18.0,1364.9760897959184,1.0,18.0,14.529941467807294,101.0,nan,nan,nan,nan,0,0.0,0.9204309987567344
49,csma,0.1,1.0,100,13,5,18,18.0,1364.61616969697,1.0,18.0,14.398869073510221,101.0,nan,nan,nan,nan,0,0.0,0.9399018806214228
0,csma,0.15,0.99,99,9,7,19,19.0,1459.0259020408166,1.0,19.0,20.823895641861846,109.0,nan,nan,nan,nan,0,0.0,0.9096548004314995
1,csma,0.15,1.0,100,8,7,18,18.0,1409.6838141414144,1.0,18.0,28.097969991173876,112.0,nan,nan,nan,nan,0,0.0,0.9274215552523875
2,csma,0.15,1.0,100,11,8,20,20.0,1513.7670828282828,1.0,20.0,18.923008587503702,105.0,nan,nan,nan,nan,0,0.0,0.919411924857065
3,csma,0.15,0.99,99,11,6,18,18.0,1405.8108897959187,1.0,18.0,23.15542053086025,109.69999999999982,nan,nan,nan,nan,0,0.0,0.860484314804623
4,csma,0.15,1.0,100,9,8,19,19.0,1464.6676,1.0,19.0,17.515301661323228,105.0,nan,nan,nan,nan,0,0.0,0.9247978436657682
5,csma,0.15,0.97,97,12,6,19,19.0,1451.4475375000004,1.0,19.0,21.542463177687246,109.0,nan,nan,nan,nan,0,0.0,0.8824668141592921
6,csma,0.15,1.0,100,9,6,21,21.0,1542.05317979798,1.0,21.0,15.67492795389049,21.0,nan,nan,nan,nan,0,0.0,0.9250866435617169
7,csma,0.15,1.0,100,13,7,18,18.0,1409.7159878787882,1.0,18.0,24.40949193793733,112.0,nan,nan,nan,nan,0,0.0,0.8686575052854123
8,csma,0.15,1.0,100,15,6,22,22.0,1600.0203919191922,1.0,22.0,17.734138972809667,104.0,nan,nan,nan,nan,0,0.0,0.8850267379679144
9,csma,0.15,1.0,100,13,5,21,21.0,1547.4294585858588,1.0,21.0,15.291604865025215,21.0,nan,nan,nan,nan,0,0.0,0.929162072767365
10,csma,0.15,1.0,100,9,6,22,22.0,1590.4209010101013,1.0,22.0,17.251385243511226,102.0,nan,nan,nan,nan,0,0.0,0.9275087909115499
11,csma,0.15,1.0,100,12,6,22,22.0,1593.2540282828284,1.0,22.0,16.530232558139534,101.0,nan,nan,nan,nan,0,0.0,0.9357997823721437
12,csma,0.15,1.0,100,11,8,19,19.0,1454.5727313131313,1.0,19.0,20.688706846108836,109.0,nan,nan,nan,nan,0,0.0,0.9059104161144977
13,csma,0.15,1.0,100,12,8,18,18.0,1412.0851555555557,1.0,18.0,24.17787157069641,111.0,nan,nan,nan,nan,0,0.0,0.8976995940460081
14,csma,0.15,1.0,100,10,5,18,18.0,1406.174468686869,1.0,18.0,22.912745098039217,110.0,nan,nan,nan,nan,0,0.0,0.8250202210838501
15,csma,0.15,1.0,100,12,5,18,18.0,1403.467183838384,1.0,18.0,21.68174628282189,109.0,nan,nan,nan,nan,0,0.0,0.8264052287581699
16,csma,0.15,0.82,82,10,6,20,20.0,1503.3737333333336,1.0,20.0,16.45934284766014,103.0,nan,nan,nan,nan,0,0.0,0.9657051282051282
17,csma,0.15,0.97,97,11,6,20,20.0,1502.3142083333337,1.0,20.0,17.82148653034729,104.0,nan,nan,nan,nan,0,0.0,0.8810408921933085
18,csma,0.15,1.0,100,12,5,20,20.0,1494.5363030303033,1.0,20.0,19.022443890274314,106.0,nan,nan,nan,nan,0,0.0,0.8736383442265795
19,csma,0.15,1.0,100,10,5,19,19.0,1448.0975151515154,1.0,19.0,20.34069303894511,108.0,nan,nan,nan,nan,0,0.0,0.8856599674090169
20,csma,0.15,1.0,100,9,6,18,18.0,1407.4876121212124,1.0,18.0,21.560996563573884,109.0,nan,nan,nan,nan,0,0.0,0.9356913183279743
21,csma,0.15,1.0,100,8,8,18,18.0,1408.5383595959597,1.0,18.0,27.113136574074073,111.0,nan,nan,nan,nan,0,0.0,0.9292820650712557
22,csma,0.15,0.97,97,10,5,17,17.0,1362.3980250000002,1.0,17.0,29.425619834710744,112.0,nan,nan,nan,nan,0,0.0,0.9186550976138829
23,csma,0.15,0.97,97,7,7,19,19.0,1461.7949416666668,1.0,19.0,24.101734783887093,109.0,nan,nan,nan,nan,0,0.0,0.9415836101882613
24,csma,0.15,1.0,100,10,6,18,18.0,1409.7908686868689,1.0,18.0,24.236508404600414,109.0,nan,nan,nan,nan,0,0.0,0.9091152815013405
25,csma,0.15,0.99,99,11,5,18,18.0,1410.2443102040818,1.0,18.0,22.28759571209801,109.0,nan,nan,nan,nan,0,0.0,0.8610232067510548
26,csma,0.15,1.0,100,10,5,20,20.0,1498.712363636364,1.0,20.0,19.674610179464548,106.0,nan,nan,nan,nan,0,0.0,0.9332784184514004
27,csma,0.15,1.0,100,12,6,19,19.0,1448.4139959595961,1.0,19.0,19.756580984825025,107.0,nan,nan,nan,nan,0,0.0,0.8712898003237992
28,csma,0.15,1.0,100,13,5,18,18.0,1407.2556282828284,1.0,18.0,24.311023622047244,111.0,nan,nan,nan,nan,0,0.0,0.8786588610963278
29,csma,0.15,1.0,100,9,5,18,18.0,1401.7498666666668,1.0,18.0,23.39853524565151,110.0,nan,nan,nan,nan,0,0.0,0.8953551912568306
30,csma,0.15,0.93,93,11,6,19,19.0,1450.1634434782611,1.0,19.0,18.418811274509803,104.0,nan,nan,nan,nan,0,0.0,0.9574655324141977
31,csma,0.15,1.0,100,9,6,17,17.0,1355.7564565656567,1.0,17.0,25.996067755595885,111.0,nan,nan,nan,nan,0,0.0,0.9030319584812893
32,csma,0.15,1.0,100,10,6,20,20.0,1499.758161616162,1.0,20.0,19.727029438001786,107.0,nan,nan,nan,nan,0,0.0,0.9086733315320183
33,csma,0.15,1.0,100,12,6,19,19.0,1453.5165454545454,1.0,19.0,22.40223463687151,107.0,nan,nan,nan,nan,0,0.0,0.8691664418667386
34,csma,0.15,1.0,100,8,6,18,18.0,1404.7324808080812,1.0,18.0,21.464608214389745,108.0,nan,nan,nan,nan,0,0.0,0.9248383620689655
35,csma,0.15,1.0,100,19,5,24,24.0,1684.7629979797985,1.0,24.0,14.870801815431165,24.0,nan,nan,nan,nan,0,0.0,0.8973662774911757
36,csma,0.15,0.97,97,12,5,21,21.0,1547.2115833333335,1.0,21.0,15.599029420685472,101.0,nan,nan,nan,nan,0,0.0,0.9191524951212713
37,csma,0.15,0.96,96,7,7,21,21.0,1547.4383115789476,1.0,21.0,19.615750371471027,106.0,nan,nan,nan,nan,0,0.0,0.9470869687587954
38,csma,0.15,1.0,100,9,6,17,17.0,1362.0933050505053,1.0,17.0,26.95769230769231,112.0,nan,nan,nan,nan,0,0.0,0.9182287421896224
39,csma,0.15,1.0,100,11,6,19,19.0,1456.758153535354,1.0,19.0,20.36892602909316,106.0,nan,nan,nan,nan,0,0.0,0.8534072900158478
40,csma,0.15,1.0,100,11,7,18,18.0,1413.1428686868687,1.0,18.0,26.66178541255984,111.0,nan,nan,nan,nan,0,0.0,0.9386730108379593
41,csma,0.15,1.0,100,10,5,19,19.0,1451.6181292929296,1.0,19.0,19.804482453553526,107.0,nan,nan,nan,nan,0,0.0,0.931337544630596
42,csma,0.15,1.0,100,8,6,17,17.0,1364.6022181818182,1.0,17.0,29.38625997719498,112.0,nan,nan,nan,nan,0,0.0,0.9251054852320675
43,csma,0.15,0.96,96,9,6,20,20.0,1498.311861052632,1.0,20.0,17.794541091781642,104.0,nan,nan,nan,nan,0,0.0,0.9373067191453472
44,csma,0.15,1.0,100,11,5,19,19.0,1452.9324363636365,1.0,19.0,18.247518411783542,105.0,nan,nan,nan,nan,0,0.0,0.8312483364386478
45,csma,0.15,1.0,100,10,6,17,17.0,1360.7502383838385,1.0,17.0,24.806985847636255,110.0,nan,nan,nan,nan,0,0.0,0.8813694267515924
46,csma,0.15,0.99,99,10,6,19,19.0,1452.4778081632658,1.0,19.0,20.593980343980345,108.0,nan,nan,nan,nan,0,0.0,0.9100055897149245
47,csma,0.15,1.0,100,16,5,19,19.0,1455.8856888888893,1.0,19.0,20.948249619482496,109.0,nan,nan,nan,nan,0,0.0,0.8975409836065574
48,csma,0.15,0.99,99,13,6,18,18.0,1405.2159061224493,1.0,18.0,23.077802476976817,109.59999999999991,nan,nan,nan,nan,0,0.0,0.8701298701298701
49,csma,0.15,1.0,100,13,5,18,18.0,1407.2697252525254,1.0,18.0,24.322811197141156,111.0,nan,nan,nan,nan,0,0.0,0.8985817500668986
0,csma,0.2,0.99,99,9,7,19,19.0,1498.3747265306124,1.0,19.0,31.39366298607777,114.0,nan,nan,nan,nan,0,0.0,0.8394116461817449
1,csma,0.2,1.0,100,8,7,18,18.0,1440.621094949495,1.0,18.0,39.324021067094115,116.0,nan,nan,nan,nan,0,0.0,0.9060165975103734
2,csma,0.2,1.0,100,11,8,20,20.0,1550.3683838383845,1.0,20.0,29.136667434892832,113.0,nan,nan,nan,nan,0,0.0,0.8735655325145963
3,csma,0.2,0.99,99,11,6,18,18.0,1436.0017020408166,1.0,18.0,30.005439005439005,113.0,nan,nan,nan,nan,0,0.0,0.8008711885500933
4,csma,0.2,1.0,100,9,8,19,19.0,1499.4216404040405,1.0,19.0,25.607268464243845,111.0,nan,nan,nan,nan,0,0.0,0.8467341671629939
5,csma,0.2,0.97,97,12,6,19,19.0,1487.8877875000003,1.0,19.0,30.596296296296295,114.0,nan,nan,nan,nan,0,0.0,0.8499475341028332
6,csma,0.2,1.0,100,9,6,21,21.0,1579.7437737373739,1.0,21.0,22.22628392016147,109.0,nan,nan,nan,nan,0,0.0,0.8907311226528166
7,csma,0.2,1.0,100,13,7,18,18.0,1441.4131757575763,1.0,18.0,33.21484841250895,115.0,nan,nan,nan,nan,0,0.0,0.8386386386386386
8,csma,0.2,1.0,100,15,6,22,22.0,1641.7277898989903,1.0,22.0,23.778060046189378,110.0,nan,nan,nan,nan,0,0.0,0.8594680428741565
9,csma,0.2,1.0,100,13,5,21,21.0,1591.061446464647,1.0,21.0,22.98461190314551,111.0,nan,nan,nan,nan,0,0.0,0.8862815884476535
10,csma,0.2,1.0,100,9,6,22,22.0,1627.336375757576,1.0,22.0,20.51037527593819,105.0,nan,nan,nan,nan,0,0.0,0.9149666733993133
11,csma,0.2,1.0,100,12,6,22,22.0,1636.7368363636367,1.0,22.0,24.01601985559567,109.0,nan,nan,nan,nan,0,0.0,0.8876426997796916
12,csma,0.2,1.0,100,11,8,19,19.0,1487.7821090909094,1.0,19.0,25.18992055610725,112.0,nan,nan,nan,nan,0,0.0,0.8122605363984674
13,csma,0.2,1.0,100,12,8,18,18.0,1448.1481010101013,1.0,18.0,36.127706154220384,115.0,nan,nan,nan,nan,0,0.0,0.8483285183656624
14,csma,0.2,1.0,100,10,5,18,18.0,1440.0894222222225,1.0,18.0,31.756668344237543,114.0,nan,nan,nan,nan,0,0.0,0.8018563357546409
15,csma,0.2,1.0,100,12,5,18,18.0,1435.0431434343436,1.0,18.0,32.54896972780463,115.0,nan,nan,nan,nan,0,0.0,0.7787242472266244
16,csma,0.2,0.82,82,10,6,20,20.0,1536.6951308641978,1.0,20.0,24.05254901960784,109.0,nan,nan,nan,nan,0,0.0,0.94607964382884
17,csma,0.2,0.97,97,11,6,20,20.0,1543.028104166667,1.0,20.0,25.27279853671283,111.0,nan,nan,nan,nan,0,0.0,0.8041605379281361
18,csma,0.2,1.0,100,12,5,20,20.0,1528.4695919191922,1.0,20.0,25.08128593831678,110.0,nan,nan,nan,nan,0,0.0,0.7909861484391152
19,csma,0.2,1.0,100,10,5,19,19.0,1486.9511313131313,1.0,19.0,28.128042843232716,111.0,nan,nan,nan,nan,0,0.0,0.8166998011928429
20,csma,0.2,1.0,100,9,6,18,18.0,1443.3000525252528,1.0,18.0,33.38084779266418,114.0,nan,nan,nan,nan,0,0.0,0.9109643857543017
21,csma,0.2,1.0,100,8,8,18,18.0,1442.350884848485,1.0,18.0,35.252633989922124,114.0,nan,nan,nan,nan,0,0.0,0.8863174989849777
22,csma,0.2,0.97,97,10,5,17,17.0,1393.1448000000003,1.0,17.0,36.60298229263746,115.0,nan,nan,nan,nan,0,0.0,0.893050353724511
23,csma,0.2,0.97,97,7,7,19,19.0,1499.3113375,1.0,19.0,34.945380063723256,115.0,nan,nan,nan,nan,0,0.0,0.9037433155080213
24,csma,0.2,1.0,100,10,6,18,18.0,1445.7491030303033,1.0,18.0,33.233278955954326,113.0,nan,nan,nan,nan,0,0.0,0.8645980253878702
25,csma,0.2,0.99,99,11,5,18,18.0,1442.3698040816328,1.0,18.0,34.98909541511772,114.0,nan,nan,nan,nan,0,0.0,0.813508064516129
26,csma,0.2,1.0,100,10,5,20,20.0,1537.9287555555557,1.0,20.0,27.905272981801215,113.0,nan,nan,nan,nan,0,0.0,0.8681385456755114
27,csma,0.2,1.0,100,12,6,19,19.0,1485.8883151515154,1.0,19.0,32.29910606426673,114.0,nan,nan,nan,nan,0,0.0,0.8144431326249508
28,csma,0.2,1.0,100,13,5,18,18.0,1440.293684848485,1.0,18.0,32.93755980861244,115.0,nan,nan,nan,nan,0,0.0,0.8370044052863436
29,csma,0.2,1.0,100,9,5,18,18.0,1434.349672727273,1.0,18.0,34.54995054401583,114.0,nan,nan,nan,nan,0,0.0,0.8353645940921297
30,csma,0.2,0.93,93,11,6,19,19.0,1484.020791304348,1.0,19.0,25.75753977677511,112.0,nan,nan,nan,nan,0,0.0,0.929785824685361
31,csma,0.2,1.0,100,9,6,17,17.0,1389.873987878788,1.0,17.0,40.157967032967036,116.0,nan,nan,nan,nan,0,0.0,0.8744744744744745
32,csma,0.2,1.0,100,10,6,20,20.0,1538.7296242424245,1.0,20.0,26.826588235294118,113.0,nan,nan,nan,nan,0,0.0,0.8634701340918326
33,csma,0.2,1.0,100,12,6,19,19.0,1491.4939959595965,1.0,19.0,32.724964063248684,115.0,nan,nan,nan,nan,0,0.0,0.8437436830402264
34,csma,0.2,1.0,100,8,6,18,18.0,1440.3061616161617,1.0,18.0,33.797624486066695,115.0,nan,nan,nan,nan,0,0.0,0.8911052310197435
35,csma,0.2,1.0,100,19,5,24,24.0,1729.4696565656568,1.0,24.0,20.531820424272322,105.34999999999991,nan,nan,nan,nan,0,0.0,0.8273469387755102
36,csma,0.2,0.97,97,12,5,21,21.0,1589.475291666667,1.0,21.0,24.490829894543786,110.0,nan,nan,nan,nan,0,0.0,0.8975308641975308
37,csma,0.2,0.96,96,7,7,21,21.0,1589.6345010526318,1.0,21.0,27.79423683025664,113.0,nan,nan,nan,nan,0,0.0,0.914368052696583
38,csma,0.2,1.0,100,9,6,17,17.0,1393.7050262626265,1.0,17.0,37.4616796695732,116.0,nan,nan,nan,nan,0,0.0,0.8974464579901154
39,csma,0.2,1.0,100,11,6,19,19.0,1491.2694828282831,1.0,19.0,29.73235220753305,114.0,nan,nan,nan,nan,0,0.0,0.8043739967897271
40,csma,0.2,1.0,100,11,7,18,18.0,1444.8711353535357,1.0,18.0,38.06949300699301,116.0,nan,nan,nan,nan,0,0.0,0.9196141479099679
41,csma,0.2,1.0,100,10,5,19,19.0,1486.48458989899,1.0,19.0,29.64421768707483,113.0,nan,nan,nan,nan,0,0.0,0.9011033919084593
42,csma,0.2,1.0,100,8,6,17,17.0,1393.3553131313133,1.0,17.0,41.45339079156271,116.0,nan,nan,nan,nan,0,0.0,0.8923294879579032
43,csma,0.2,0.96,96,9,6,20,20.0,1533.3439410526319,1.0,20.0,23.6531843575419,111.0,nan,nan,nan,nan,0,0.0,0.940718940508724
44,csma,0.2,1.0,100,11,5,19,19.0,1486.411886868687,1.0,19.0,27.151220792859018,113.0,nan,nan,nan,nan,0,0.0,0.7795742939009415
45,csma,0.2,1.0,100,10,6,17,17.0,1388.9371191919195,1.0,17.0,35.87556399905011,115.0,nan,nan,nan,nan,0,0.0,0.8517394822006472
46,csma,0.2,0.99,99,10,6,19,19.0,1489.9509387755106,1.0,19.0,30.53062645011601,113.0,nan,nan,nan,nan,0,0.0,0.8938199917046868
47,csma,0.2,1.0,100,16,5,19,19.0,1490.2796444444448,1.0,19.0,33.83067016455998,114.0,nan,nan,nan,nan,0,0.0,0.8487854251012146
48,csma,0.2,0.99,99,13,6,18,18.0,1440.6477102040822,1.0,18.0,32.62630639816467,114.0,nan,nan,nan,nan,0,0.0,0.8118791390728477
49,csma,0.2,1.0,100,13,5,18,18.0,1435.6980888888893,1.0,18.0,31.04260953298026,114.0,nan,nan,nan,nan,0,0.0,0.8517531269222883
0,csma,0.3,0.99,99,9,7,19,19.0,1550.1849020408167,1.0,19.0,46.24572536576767,119.0,nan,nan,nan,nan,0,0.0,0.7763788148350896
1,csma,0.3,1.0,100,8,7,18,18.0,1492.6114101010105,1.0,18.0,57.72040177836325,205.0,nan,nan,nan,nan,0,0.0,0.8318038624845911
2,csma,0.3,1.0,100,11,8,20,20.0,1605.7136525252529,1.0,20.0,48.458529459503325,120.0,nan,nan,nan,nan,0,0.0,0.8348238482384824
3,csma,0.3,0.99,99,11,6,18,18.0,1490.5739755102045,1.0,18.0,49.5806572068708,202.0,nan,nan,nan,nan,0,0.0,0.7305960987586959
4,csma,0.3,1.0,100,9,8,19,19.0,1549.1089010101011,1.0,19.0,41.5611364789447,118.0,nan,nan,nan,nan,0,0.0,0.8059152242060788
5,csma,0.3,0.97,97,12,6,19,19.0,1540.9987625,1.0,19.0,47.33218557448351,203.0,nan,nan,nan,nan,0,0.0,0.7657507632528449
6,csma,0.3,1.0,100,9,6,21,21.0,1631.851353535354,1.0,21.0,34.32308435286542,117.0,nan,nan,nan,nan,0,0.0,0.8401406545847985
7,csma,0.3,1.0,100,13,7,18,18.0,1491.8954101010104,1.0,18.0,52.14018691588785,207.0,nan,nan,nan,nan,0,0.0,0.7445470359962532
8,csma,0.3,1.0,100,15,6,22,22.0,1700.5407555555562,1.0,22.0,37.4657438233748,118.0,nan,nan,nan,nan,0,0.0,0.7670698924731183
9,csma,0.3,1.0,100,13,5,21,21.0,1653.3079393939397,1.0,21.0,42.52290014565464,120.0,nan,nan,nan,nan,0,0.0,0.8190615058324496
10,csma,0.3,1.0,100,9,6,22,22.0,1689.4449050505054,1.0,22.0,34.25065840433772,116.0,nan,nan,nan,nan,0,0.0,0.8556468716861082
11,csma,0.3,1.0,100,12,6,22,22.0,1697.358355555556,1.0,22.0,36.94154870940883,119.0,nan,nan,nan,nan,0,0.0,0.8115961616434654
12,csma,0.3,1.0,100,11,8,19,19.0,1543.1632040404045,1.0,19.0,45.171388101983005,119.0,nan,nan,nan,nan,0,0.0,0.7508641318798192
13,csma,0.3,1.0,100,12,8,18,18.0,1500.5878585858588,1.0,18.0,54.85018382352941,205.0,nan,nan,nan,nan,0,0.0,0.7357316743305383
14,csma,0.3,1.0,100,10,5,18,18.0,1491.5934545454547,1.0,18.0,46.29628913799768,118.0,nan,nan,nan,nan,0,0.0,0.6960850262343603
15,csma,0.3,1.0,100,12,5,18,18.0,1485.3642303030306,1.0,18.0,48.88073217726397,201.0,nan,nan,nan,nan,0,0.0,0.6950582563278425
16,csma,0.3,0.82,82,10,6,20,20.0,1595.4680395061732,1.0,20.0,39.82850779510022,118.64999999999964,nan,nan,nan,nan,0,0.0,0.8874979410311316
17,csma,0.3,0.97,97,11,6,20,20.0,1599.0543458333336,1.0,20.0,42.82165958233229,119.0,nan,nan,nan,nan,0,0.0,0.7641576048580709
18,csma,0.3,1.0,100,12,5,20,20.0,1589.2020121212124,1.0,20.0,40.40127627627628,118.0,nan,nan,nan,nan,0,0.0,0.7175757575757575
19,csma,0.3,1.0,100,10,5,19,19.0,1539.5969454545457,1.0,19.0,47.73560257589696,119.0,nan,nan,nan,nan,0,0.0,0.7284546307465487
20,csma,0.3,1.0,100,9,6,18,18.0,1489.2770868686873,1.0,18.0,52.17746387400552,205.0,nan,nan,nan,nan,0,0.0,0.8396728016359918
21,csma,0.3,1.0,100,8,8,18,18.0,1494.6452282828288,1.0,18.0,55.704899598393574,206.0,nan,nan,nan,nan,0,0.0,0.8318856073767206
22,csma,0.3,0.97,97,10,5,17,17.0,1445.1816625000006,1.0,17.0,57.916948008102636,206.0,nan,nan,nan,nan,0,0.0,0.8226635189557006
23,csma,0.3,0.97,97,7,7,19,19.0,1551.327145833334,1.0,19.0,52.89601949634444,204.0,nan,nan,nan,nan,0,0.0,0.8641022041274744
24,csma,0.3,1.0,100,10,6,18,18.0,1496.3874747474752,1.0,18.0,51.27860276746541,204.0,nan,nan,nan,nan,0,0.0,0.801894451962111
25,csma,0.3,0.99,99,11,5,18,18.0,1496.2465061224493,1.0,18.0,51.82462686567164,204.0,nan,nan,nan,nan,0,0.0,0.7294501905280348
26,csma,0.3,1.0,100,10,5,20,20.0,1595.3722909090911,1.0,20.0,48.350857327725656,201.0,nan,nan,nan,nan,0,0.0,0.8242666666666667
27,csma,0.3,1.0,100,12,6,19,19.0,1536.5765292929298,1.0,19.0,47.08796895213454,201.5,nan,nan,nan,nan,0,0.0,0.7328999051875931
28,csma,0.3,1.0,100,13,5,18,18.0,1490.6792242424247,1.0,18.0,50.94338614918996,205.0,nan,nan,nan,nan,0,0.0,0.7557857911733046
29,csma,0.3,1.0,100,9,5,18,18.0,1487.7836727272731,1.0,18.0,55.60942818243703,206.0,nan,nan,nan,nan,0,0.0,0.7921272580210299
30,csma,0.3,0.93,93,11,6,19,19.0,1544.3957086956525,1.0,19.0,42.65792079207921,118.0,nan,nan,nan,nan,0,0.0,0.8796632312382059
31,csma,0.3,1.0,100,9,6,17,17.0,1430.6151353535354,1.0,17.0,58.30939414567733,209.0,nan,nan,nan,nan,0,0.0,0.8061462477706133
32,csma,0.3,1.0,100,10,6,20,20.0,1595.0755717171721,1.0,20.0,44.73507655255462,120.0,nan,nan,nan,nan,0,0.0,0.7764124482436223
33,csma,0.3,1.0,100,12,6,19,19.0,1548.998965656566,1.0,19.0,48.273501241575026,119.0,nan,nan,nan,nan,0,0.0,0.7559667471171896
34,csma,0.3,1.0,100,8,6,18,18.0,1492.541377777778,1.0,18.0,54.26273758185593,204.0,nan,nan,nan,nan,0,0.0,0.8360261717185204
35,csma,0.3,1.0,100,19,5,24,24.0,1795.2390303030306,1.0,24.0,35.220537428023036,119.0,nan,nan,nan,nan,0,0.0,0.7072078186507398
36,csma,0.3,0.97,97,12,5,21,21.0,1649.4031083333339,1.0,21.0,38.70277296360485,117.0,nan,nan,nan,nan,0,0.0,0.8013888888888889
37,csma,0.3,0.96,96,7,7,21,21.0,1647.655591578948,1.0,21.0,42.89179164650863,120.0,nan,nan,nan,nan,0,0.0,0.8693396887705033
38,csma,0.3,1.0,100,9,6,17,17.0,1444.68995959596,1.0,17.0,63.102168674698795,210.0,nan,nan,nan,nan,0,0.0,0.8513402625820569
39,csma,0.3,1.0,100,11,6,19,19.0,1544.054181818182,1.0,19.0,47.35328574043566,119.0,nan,nan,nan,nan,0,0.0,0.7306406312692256
40,csma,0.3,1.0,100,11,7,18,18.0,1503.8972282828288,1.0,18.0,64.00995405819296,211.0,nan,nan,nan,nan,0,0.0,0.8631857237276933
41,csma,0.3,1.0,100,10,5,19,19.0,1543.7670383838388,1.0,19.0,48.608047451106124,202.0,nan,nan,nan,nan,0,0.0,0.847439206629534
42,csma,0.3,1.0,100,8,6,17,17.0,1443.1313171717175,1.0,17.0,59.16366179670501,209.0,nan,nan,nan,nan,0,0.0,0.8674666307132264
43,csma,0.3,0.96,96,9,6,20,20.0,1586.7490905263164,1.0,20.0,41.18854183524842,119.0,nan,nan,nan,nan,0,0.0,0.8696692470091485
44,csma,0.3,1.0,100,11,5,19,19.0,1546.876743434344,1.0,19.0,44.36408243375859,119.0,nan,nan,nan,nan,0,0.0,0.6924435988040228
45,csma,0.3,1.0,100,10,6,17,17.0,1439.5290424242428,1.0,17.0,53.655456532705564,205.0,nan,nan,nan,nan,0,0.0,0.7944162436548223
46,csma,0.3,0.99,99,10,6,19,19.0,1546.6727265306124,1.0,19.0,48.277996913050934,119.0,nan,nan,nan,nan,0,0.0,0.7953894420952121
47,csma,0.3,1.0,100,16,5,19,19.0,1544.360537373738,1.0,19.0,49.00574412532637,202.0,nan,nan,nan,nan,0,0.0,0.7766662160335271
48,csma,0.3,0.99,99,13,6,18,18.0,1496.304228571429,1.0,18.0,55.49077771439437,206.0,nan,nan,nan,nan,0,0.0,0.7090467844141837
49,csma,0.3,1.0,100,13,5,18,18.0,1488.6637373737376,1.0,18.0,53.69260504201681,205.0,nan,nan,nan,nan,0,0.0,0.7999462221027158
0,csma,0.4,0.99,99,9,7,19,19.0,1594.9882285714289,1.0,19.0,65.56853932584269,211.0,nan,nan,nan,nan,0,0.0,0.722549218591435
1,csma,0.4,1.0,100,8,7,18,18.0,1526.208250505051,1.0,18.0,78.43741385791255,215.0,nan,nan,nan,nan,0,0.0,0.8113245908305378
2,csma,0.4,1.0,100,11,8,20,20.0,1646.3686383838387,1.0,20.0,64.92416874753582,211.0,nan,nan,nan,nan,0,0.0,0.7712345428745185
3,csma,0.4,0.99,99,11,6,18,18.0,1531.340665306123,1.0,18.0,65.57142857142857,210.0,nan,nan,nan,nan,0,0.0,0.6925971120601994
4,csma,0.4,1.0,100,9,8,19,19.0,1587.6590989898993,1.0,19.0,54.71137254901961,204.0,nan,nan,nan,nan,0,0.0,0.783570623783673
5,csma,0.4,0.97,97,12,6,19,19.0,1579.9870916666673,1.0,19.0,63.557488207547166,212.0,nan,nan,nan,nan,0,0.0,0.7027139009736897
6,csma,0.4,1.0,100,9,6,21,21.0,1684.6374909090914,1.0,21.0,48.54600282304632,202.0,nan,nan,nan,nan,0,0.0,0.7811748195669607
7,csma,0.4,1.0,100,13,7,18,18.0,1526.444064646465,1.0,18.0,70.48085551899491,214.0,nan,nan,nan,nan,0,0.0,0.6765836875126493
8,csma,0.4,1.0,100,15,6,22,22.0,1744.2593939393946,1.0,22.0,52.706610366919044,203.0,nan,nan,nan,nan,0,0.0,0.6923387096774194
9,csma,0.4,1.0,100,13,5,21,21.0,1692.6390464646472,1.0,21.0,57.90764494612622,209.0,nan,nan,nan,nan,0,0.0,0.7890688259109312
10,csma,0.4,1.0,100,9,6,22,22.0,1732.018581818182,1.0,22.0,45.102570596429025,121.0,nan,nan,nan,nan,0,0.0,0.7996962025316455
11,csma,0.4,1.0,100,12,6,22,22.0,1743.5470989898993,1.0,22.0,55.18619165258094,206.0,nan,nan,nan,nan,0,0.0,0.7679480778831752
12,csma,0.4,1.0,100,11,8,19,19.0,1579.482553535354,1.0,19.0,57.26901565995526,208.0,nan,nan,nan,nan,0,0.0,0.7174959871589085
13,csma,0.4,1.0,100,12,8,18,18.0,1537.149866666667,1.0,18.0,72.27310121933304,213.0,nan,nan,nan,nan,0,0.0,0.6980822479745667
14,csma,0.4,1.0,100,10,5,18,18.0,1529.6457131313136,1.0,18.0,64.2716386236168,212.0,nan,nan,nan,nan,0,0.0,0.6650201612903226
15,csma,0.4,1.0,100,12,5,18,18.0,1523.6002545454548,1.0,18.0,67.77373737373738,211.0,nan,nan,nan,nan,0,0.0,0.6466686765149231
16,csma,0.4,0.82,82,10,6,20,20.0,1637.8630864197537,1.0,20.0,56.310538439389575,208.0,nan,nan,nan,nan,0,0.0,0.8480039067268954
17,csma,0.4,0.97,97,11,6,20,20.0,1644.5982625000006,1.0,20.0,61.58846153846154,208.04999999999927,nan,nan,nan,nan,0,0.0,0.6704486848891181
18,csma,0.4,1.0,100,12,5,20,20.0,1633.5727919191922,1.0,20.0,51.18802206461781,202.0,nan,nan,nan,nan,0,0.0,0.649171270718232
19,csma,0.4,1.0,100,10,5,19,19.0,1579.2221010101016,1.0,19.0,62.018166335509505,209.0,nan,nan,nan,nan,0,0.0,0.7116452883547116
20,csma,0.4,1.0,100,9,6,18,18.0,1526.791454545455,1.0,18.0,65.00716981132075,210.0,nan,nan,nan,nan,0,0.0,0.8069427527405603
21,csma,0.4,1.0,100,8,8,18,18.0,1534.0546424242427,1.0,18.0,71.37635367562747,212.0,nan,nan,nan,nan,0,0.0,0.7875777643989564
22,csma,0.4,0.97,97,10,5,17,17.0,1480.4428750000004,1.0,17.0,75.66895640686921,215.0,nan,nan,nan,nan,0,0.0,0.7810565414775072
23,csma,0.4,0.97,97,7,7,19,19.0,1592.2483250000005,1.0,19.0,70.77521793275218,212.0,nan,nan,nan,nan,0,0.0,0.8386422976501305
24,csma,0.4,1.0,100,10,6,18,18.0,1534.951050505051,1.0,18.0,66.98408201807635,210.0,nan,nan,nan,nan,0,0.0,0.7568147013782542
25,csma,0.4,0.99,99,11,5,18,18.0,1536.7679142857148,1.0,18.0,65.01915144372423,210.0,nan,nan,nan,nan,0,0.0,0.6935731071829978
26,csma,0.4,1.0,100,10,5,20,20.0,1637.8996121212128,1.0,20.0,61.61397692613712,209.0,nan,nan,nan,nan,0,0.0,0.7581180255353372
27,csma,0.4,1.0,100,12,6,19,19.0,1572.9757616161621,1.0,19.0,66.5553242117787,211.0,nan,nan,nan,nan,0,0.0,0.6854929146702008
28,csma,0.4,1.0,100,13,5,18,18.0,1529.8352606060612,1.0,18.0,68.42910225921521,210.0,nan,nan,nan,nan,0,0.0,0.6822145609409856
29,csma,0.4,1.0,100,9,5,18,18.0,1524.6074828282833,1.0,18.0,68.18094218415418,211.0,nan,nan,nan,nan,0,0.0,0.7564284268070459
30,csma,0.4,0.93,93,11,6,19,19.0,1586.093321739131,1.0,19.0,60.6559003051882,207.0,nan,nan,nan,nan,0,0.0,0.8582342027720179
31,csma,0.4,1.0,100,9,6,17,17.0,1466.7261090909094,1.0,17.0,76.5882434493276,216.0,nan,nan,nan,nan,0,0.0,0.7363961204696273
32,csma,0.4,1.0,100,10,6,20,20.0,1635.2040363636368,1.0,20.0,56.52684475006612,209.0,nan,nan,nan,nan,0,0.0,0.7721842132135198
33,csma,0.4,1.0,100,12,6,19,19.0,1589.904666666667,1.0,19.0,63.89777714852046,209.0,nan,nan,nan,nan,0,0.0,0.7156753470463066
34,csma,0.4,1.0,100,8,6,18,18.0,1528.19915959596,1.0,18.0,69.81522155535691,213.0,nan,nan,nan,nan,0,0.0,0.7871934057096904
35,csma,0.4,1.0,100,19,5,24,24.0,1844.2266828282834,1.0,24.0,49.09744855967078,124.0,nan,nan,nan,nan,0,0.0,0.6117208740308127
36,csma,0.4,0.97,97,12,5,21,21.0,1699.9932916666671,1.0,21.0,54.16235612728504,204.0,nan,nan,nan,nan,0,0.0,0.7625193598347961
37,csma,0.4,0.96,96,7,7,21,21.0,1694.3531536842113,1.0,21.0,58.579040627768634,209.0,nan,nan,nan,nan,0,0.0,0.8207125792043212
38,csma,0.4,1.0,100,9,6,17,17.0,1483.2852404040407,1.0,17.0,76.88687898089172,214.0,nan,nan,nan,nan,0,0.0,0.7926090468497576
39,csma,0.4,1.0,100,11,6,19,19.0,1586.4983111111117,1.0,19.0,60.4195107218363,210.0,nan,nan,nan,nan,0,0.0,0.6592990840302668
40,csma,0.4,1.0,100,11,7,18,18.0,1537.6340969696973,1.0,18.0,74.31740240788034,214.0,nan,nan,nan,nan,0,0.0,0.825105358217941
41,csma,0.4,1.0,100,10,5,19,19.0,1581.2081333333338,1.0,19.0,65.13602080624187,209.0,nan,nan,nan,nan,0,0.0,0.7892846145950939
42,csma,0.4,1.0,100,8,6,17,17.0,1478.2236484848488,1.0,17.0,80.28188995805576,215.0,nan,nan,nan,nan,0,0.0,0.8165608945300695
43,csma,0.4,0.96,96,9,6,20,20.0,1630.9073768421058,1.0,20.0,55.988785282258064,207.0,nan,nan,nan,nan,0,0.0,0.8338762214983714
44,csma,0.4,1.0,100,11,5,19,19.0,1593.9897171717175,1.0,19.0,56.28469098783941,208.0,nan,nan,nan,nan,0,0.0,0.5985641639246186
45,csma,0.4,1.0,100,10,6,17,17.0,1471.1972040404044,1.0,17.0,71.71277152577859,213.0,nan,nan,nan,nan,0,0.0,0.7692772297161264
46,csma,0.4,0.99,99,10,6,19,19.0,1586.693146938776,1.0,19.0,68.00583525580133,210.0,nan,nan,nan,nan,0,0.0,0.756415520427017
47,csma,0.4,1.0,100,16,5,19,19.0,1586.3976606060612,1.0,19.0,66.6627043090639,211.0,nan,nan,nan,nan,0,0.0,0.6767219708396179
48,csma,0.4,0.99,99,13,6,18,18.0,1537.109110204082,1.0,18.0,73.2251282900182,213.0,nan,nan,nan,nan,0,0.0,0.6116229624379872
49,csma,0.4,1.0,100,13,5,18,18.0,1527.804767676768,1.0,18.0,72.14961636828644,212.0,nan,nan,nan,nan,0,0.0,0.6930576070901034
0,csma,0.5,0.99,99,9,7,19,19.0,1621.1518040816331,1.0,19.0,83.62936732766761,219.0,nan,nan,nan,nan,0,0.0,0.7021964359718194
1,csma,0.5,1.0,100,8,7,18,18.0,1555.3502060606065,1.0,18.0,92.5288565849425,301.0,nan,nan,nan,nan,0,0.0,0.7471832698386967
2,csma,0.5,1.0,100,11,8,20,20.0,1676.2278181818185,1.0,20.0,78.20605851186363,215.0,nan,nan,nan,nan,0,0.0,0.7052802599512591
3,csma,0.5,0.99,99,11,6,18,18.0,1558.9787142857147,1.0,18.0,73.92469374597034,214.0,nan,nan,nan,nan,0,0.0,0.6354473942969519
4,csma,0.5,1.0,100,9,8,19,19.0,1616.1560444444451,1.0,19.0,73.41013874066168,215.0,nan,nan,nan,nan,0,0.0,0.7519460717438408
5,csma,0.5,0.97,97,12,6,19,19.0,1611.597016666667,1.0,19.0,75.01300205973223,216.0,nan,nan,nan,nan,0,0.0,0.6455580486994099
6,csma,0.5,1.0,100,9,6,21,21.0,1716.2312080808085,1.0,21.0,59.49139246023099,210.0,nan,nan,nan,nan,0,0.0,0.7473941368078176
7,csma,0.5,1.0,100,13,7,18,18.0,1555.9495070707076,1.0,18.0,90.1770096884001,304.0,nan,nan,nan,nan,0,0.0,0.6132476916900843
8,csma,0.5,1.0,100,15,6,22,22.0,1778.8449616161622,1.0,22.0,66.82012380143222,215.0,nan,nan,nan,nan,0,0.0,0.6634189548272807
9,csma,0.5,1.0,100,13,5,21,21.0,1724.3330020202027,1.0,21.0,69.23269845025435,214.0,nan,nan,nan,nan,0,0.0,0.6816935483870967
10,csma,0.5,1.0,100,9,6,22,22.0,1767.5995838383842,1.0,22.0,54.87590618336887,206.0,nan,nan,nan,nan,0,0.0,0.7576124707212665
11,csma,0.5,1.0,100,12,6,22,22.0,1776.3733858585865,1.0,22.0,64.75870253164557,210.0,nan,nan,nan,nan,0,0.0,0.7128010956255538
12,csma,0.5,1.0,100,11,8,19,19.0,1605.6797898989905,1.0,19.0,72.16606757728253,214.0,nan,nan,nan,nan,0,0.0,0.6800847457627118
13,csma,0.5,1.0,100,12,8,18,18.0,1566.7386464646468,1.0,18.0,87.30090739258073,218.0,nan,nan,nan,nan,0,0.0,0.6152709359605911
14,csma,0.5,1.0,100,10,5,18,18.0,1555.8208282828289,1.0,18.0,75.06080821039127,215.0,nan,nan,nan,nan,0,0.0,0.637575658432848
15,csma,0.5,1.0,100,12,5,18,18.0,1553.7634303030306,1.0,18.0,76.0374616717771,214.0,nan,nan,nan,nan,0,0.0,0.6040911653378432
16,csma,0.5,0.82,82,10,6,20,20.0,1668.6671654320992,1.0,20.0,66.05243857719105,213.0,nan,nan,nan,nan,0,0.0,0.8056923379948788
17,csma,0.5,0.97,97,11,6,20,20.0,1672.3916500000007,1.0,20.0,72.24639202309105,214.0,nan,nan,nan,nan,0,0.0,0.6377708978328174
18,csma,0.5,1.0,100,12,5,20,20.0,1667.573454545455,1.0,20.0,68.53971539456663,211.0,nan,nan,nan,nan,0,0.0,0.6230353832513903
19,csma,0.5,1.0,100,10,5,19,19.0,1611.9304161616167,1.0,19.0,77.20157591438316,215.0,nan,nan,nan,nan,0,0.0,0.6890041325662426
20,csma,0.5,1.0,100,9,6,18,18.0,1557.991684848485,1.0,18.0,74.9027938850817,214.0,nan,nan,nan,nan,0,0.0,0.7734018264840182
21,csma,0.5,1.0,100,8,8,18,18.0,1560.7637292929296,1.0,18.0,80.99893594381783,215.0,nan,nan,nan,nan,0,0.0,0.76418929907302
22,csma,0.5,0.97,97,10,5,17,17.0,1509.2120125000006,1.0,17.0,90.44996744085088,302.0,nan,nan,nan,nan,0,0.0,0.7635700671252176
23,csma,0.5,0.97,97,7,7,19,19.0,1625.448520833334,1.0,19.0,85.26296451816083,218.0,nan,nan,nan,nan,0,0.0,0.7915904936014625
24,csma,0.5,1.0,100,10,6,18,18.0,1567.259240404041,1.0,18.0,83.72543383370595,217.0,nan,nan,nan,nan,0,0.0,0.7570116054158608
25,csma,0.5,0.99,99,11,5,18,18.0,1565.2043387755107,1.0,18.0,79.38088180807706,215.0,nan,nan,nan,nan,0,0.0,0.6581321628871007
26,csma,0.5,1.0,100,10,5,20,20.0,1670.1530949494954,1.0,20.0,75.75626373626373,217.0,nan,nan,nan,nan,0,0.0,0.7289330342838833
27,csma,0.5,1.0,100,12,6,19,19.0,1604.3686020202024,1.0,19.0,78.71743872706274,215.0,nan,nan,nan,nan,0,0.0,0.6215009171385278
28,csma,0.5,1.0,100,13,5,18,18.0,1557.356262626263,1.0,18.0,84.66419038025687,217.0,nan,nan,nan,nan,0,0.0,0.6440677966101694
29,csma,0.5,1.0,100,9,5,18,18.0,1555.281155555556,1.0,18.0,81.47458014395065,215.39999999999964,nan,nan,nan,nan,0,0.0,0.7074846427416748
30,csma,0.5,0.93,93,11,6,19,19.0,1614.0404695652178,1.0,19.0,74.47061315259981,214.0,nan,nan,nan,nan,0,0.0,0.8261592300962379
31,csma,0.5,1.0,100,9,6,17,17.0,1493.1117131313138,1.0,17.0,92.17906121083733,307.0,nan,nan,nan,nan,0,0.0,0.7331807406196355
32,csma,0.5,1.0,100,10,6,20,20.0,1666.2126141414149,1.0,20.0,74.31367351446875,216.0,nan,nan,nan,nan,0,0.0,0.7398267690799151
33,csma,0.5,1.0,100,12,6,19,19.0,1624.3432888888894,1.0,19.0,79.13891412994093,215.0,nan,nan,nan,nan,0,0.0,0.7086284610431423
34,csma,0.5,1.0,100,8,6,18,18.0,1555.5316282828287,1.0,18.0,79.94150963947283,216.0,nan,nan,nan,nan,0,0.0,0.7382005306746
35,csma,0.5,1.0,100,19,5,24,24.0,1878.5738868686874,1.0,24.0,60.37117219769264,208.0,nan,nan,nan,nan,0,0.0,0.5677205466159941
36,csma,0.5,0.97,97,12,5,21,21.0,1731.5560500000006,1.0,21.0,67.74808895066018,210.0,nan,nan,nan,nan,0,0.0,0.7232973108821312
37,csma,0.5,0.96,96,7,7,21,21.0,1728.4208210526322,1.0,21.0,74.45910234899328,214.0,nan,nan,nan,nan,0,0.0,0.7966583124477862
38,csma,0.5,1.0,100,9,6,17,17.0,1508.1182383838388,1.0,17.0,95.0405316344464,304.0,nan,nan,nan,nan,0,0.0,0.7408854166666666
39,csma,0.5,1.0,100,11,6,19,19.0,1617.2201939393942,1.0,19.0,75.44180225281602,214.0,nan,nan,nan,nan,0,0.0,0.6404296248797692
40,csma,0.5,1.0,100,11,7,18,18.0,1563.3438141414147,1.0,18.0,89.37268494568029,218.0,nan,nan,nan,nan,0,0.0,0.782844646039203
41,csma,0.5,1.0,100,10,5,19,19.0,1611.4860202020207,1.0,19.0,77.26752440106478,215.0,nan,nan,nan,nan,0,0.0,0.7318775874665151
42,csma,0.5,1.0,100,8,6,17,17.0,1502.0652969696973,1.0,17.0,92.02643396611553,302.0,nan,nan,nan,nan,0,0.0,0.7994451697127938
43,csma,0.5,0.96,96,9,6,20,20.0,1659.444964210527,1.0,20.0,67.88047173820655,214.0,nan,nan,nan,nan,0,0.0,0.8073425973580374
44,csma,0.5,1.0,100,11,5,19,19.0,1624.1316202020205,1.0,19.0,69.49817210348706,212.0,nan,nan,nan,nan,0,0.0,0.5700545046489259
45,csma,0.5,1.0,100,10,6,17,17.0,1499.4591111111115,1.0,17.0,89.83302613032636,303.89999999999964,nan,nan,nan,nan,0,0.0,0.7377809775217983
46,csma,0.5,0.99,99,10,6,19,19.0,1622.0219959183678,1.0,19.0,80.6869631401544,214.0,nan,nan,nan,nan,0,0.0,0.745541504539559
47,csma,0.5,1.0,100,16,5,19,19.0,1617.9419353535359,1.0,19.0,84.84850006275889,217.69999999999982,nan,nan,nan,nan,0,0.0,0.6421375030224873
48,csma,0.5,0.99,99,13,6,18,18.0,1568.0747183673475,1.0,18.0,84.71249278707444,217.0,nan,nan,nan,nan,0,0.0,0.5643572417161931
49,csma,0.5,1.0,100,13,5,18,18.0,1548.7544484848493,1.0,18.0,85.45979062574352,217.0,nan,nan,nan,nan,0,0.0,0.6841933908513755
0,csma,0.6,0.99,99,9,7,19,19.0,1645.3585265306128,1.0,19.0,97.45173546929554,307.0,nan,nan,nan,nan,0,0.0,0.6633966891477621
1,csma,0.6,1.0,100,8,7,18,18.0,1573.980965656566,1.0,18.0,104.47550721988668,309.0,nan,nan,nan,nan,0,0.0,0.7424345230017642
2,csma,0.6,1.0,100,11,8,20,20.0,1700.9953656565663,1.0,20.0,95.7268441214026,306.0,nan,nan,nan,nan,0,0.0,0.6866990422231215
3,csma,0.6,0.99,99,11,6,18,18.0,1584.5411061224495,1.0,18.0,91.4309541860717,303.0,nan,nan,nan,nan,0,0.0,0.6275402705090736
4,csma,0.6,1.0,100,9,8,19,19.0,1640.4459717171724,1.0,19.0,87.11073414381302,219.0,nan,nan,nan,nan,0,0.0,0.7105263157894737
5,csma,0.6,0.97,97,12,6,19,19.0,1634.8003166666674,1.0,19.0,85.05688052849625,218.0,nan,nan,nan,nan,0,0.0,0.6224127116872256
6,csma,0.6,1.0,100,9,6,21,21.0,1744.2851313131318,1.0,21.0,71.58466989929131,217.0,nan,nan,nan,nan,0,0.0,0.7253297260737234
7,csma,0.6,1.0,100,13,7,18,18.0,1578.8413010101015,1.0,18.0,102.33529887848306,310.0,nan,nan,nan,nan,0,0.0,0.5806646525679758
8,csma,0.6,1.0,100,15,6,22,22.0,1806.501070707071,1.0,22.0,79.44673430564363,219.0,nan,nan,nan,nan,0,0.0,0.6397998512407871
9,csma,0.6,1.0,100,13,5,21,21.0,1750.504634343435,1.0,21.0,80.58266932270917,220.0,nan,nan,nan,nan,0,0.0,0.6778745526973196
10,csma,0.6,1.0,100,9,6,22,22.0,1794.7772767676774,1.0,22.0,66.78921701435925,214.0,nan,nan,nan,nan,0,0.0,0.7483779399837794
11,csma,0.6,1.0,100,12,6,22,22.0,1803.0880686868693,1.0,22.0,77.20407159716758,216.0,nan,nan,nan,nan,0,0.0,0.6867486154261786
12,csma,0.6,1.0,100,11,8,19,19.0,1632.5409696969703,1.0,19.0,83.84882501049098,217.0,nan,nan,nan,nan,0,0.0,0.6336502027521106
13,csma,0.6,1.0,100,12,8,18,18.0,1589.3105212121216,1.0,18.0,100.38570250853846,310.0,nan,nan,nan,nan,0,0.0,0.5708619066828022
14,csma,0.6,1.0,100,10,5,18,18.0,1582.7819070707076,1.0,18.0,87.70178904620788,303.0,nan,nan,nan,nan,0,0.0,0.6100026780931976
15,csma,0.6,1.0,100,12,5,18,18.0,1578.9429212121215,1.0,18.0,87.90953637391632,217.0,nan,nan,nan,nan,0,0.0,0.5345557122708039
16,csma,0.6,0.82,82,10,6,20,20.0,1697.972158024692,1.0,20.0,79.54625173778206,217.0,nan,nan,nan,nan,0,0.0,0.7613580850024426
17,csma,0.6,0.97,97,11,6,20,20.0,1694.3614083333337,1.0,20.0,81.42063583151612,218.0,nan,nan,nan,nan,0,0.0,0.6096844167657967
18,csma,0.6,1.0,100,12,5,20,20.0,1695.3735959595963,1.0,20.0,80.03393770339378,218.0,nan,nan,nan,nan,0,0.0,0.5813906345023312
19,csma,0.6,1.0,100,10,5,19,19.0,1638.1063272727276,1.0,19.0,85.65539661898569,218.0,nan,nan,nan,nan,0,0.0,0.6779005899504984
20,csma,0.6,1.0,100,9,6,18,18.0,1581.3124808080813,1.0,18.0,91.45295041899442,303.0,nan,nan,nan,nan,0,0.0,0.7749441926537238
21,csma,0.6,1.0,100,8,8,18,18.0,1585.9584969696975,1.0,18.0,93.42085889570552,304.0,nan,nan,nan,nan,0,0.0,0.717186759629053
22,csma,0.6,0.97,97,10,5,17,17.0,1530.7320666666672,1.0,17.0,101.22268196351325,306.0,nan,nan,nan,nan,0,0.0,0.731865106675843
23,csma,0.6,0.97,97,7,7,19,19.0,1649.4127708333338,1.0,19.0,91.66047721564406,302.0,nan,nan,nan,nan,0,0.0,0.7710076768794523
24,csma,0.6,1.0,100,10,6,18,18.0,1592.3861252525257,1.0,18.0,97.5562546957175,305.0,nan,nan,nan,nan,0,0.0,0.7109568004273219
25,csma,0.6,0.99,99,11,5,18,18.0,1588.2106326530618,1.0,18.0,94.07435508345979,303.0,nan,nan,nan,nan,0,0.0,0.6298900798798389
26,csma,0.6,1.0,100,10,5,20,20.0,1693.3478787878794,1.0,20.0,85.90583567211846,220.0,nan,nan,nan,nan,0,0.0,0.7078366899575285
27,csma,0.6,1.0,100,12,6,19,19.0,1627.474622222223,1.0,19.0,87.35422644007946,218.0,nan,nan,nan,nan,0,0.0,0.6088008061807189
28,csma,0.6,1.0,100,13,5,18,18.0,1581.0426343434349,1.0,18.0,95.83715071003206,305.0,nan,nan,nan,nan,0,0.0,0.5882511452438696
29,csma,0.6,1.0,100,9,5,18,18.0,1577.767333333334,1.0,18.0,91.24485059472005,218.0,nan,nan,nan,nan,0,0.0,0.6967389839644252
30,csma,0.6,0.93,93,11,6,19,19.0,1641.7246434782612,1.0,19.0,84.45782356728911,216.0,nan,nan,nan,nan,0,0.0,0.7843434343434343
31,csma,0.6,1.0,100,9,6,17,17.0,1516.7354141414146,1.0,17.0,103.83018494708733,311.0,nan,nan,nan,nan,0,0.0,0.6790463398253862
32,csma,0.6,1.0,100,10,6,20,20.0,1694.6266101010106,1.0,20.0,83.3251954067355,220.0,nan,nan,nan,nan,0,0.0,0.6986449133688397
33,csma,0.6,1.0,100,12,6,19,19.0,1649.4255919191926,1.0,19.0,89.81856110715376,302.0,nan,nan,nan,nan,0,0.0,0.6604166666666667
34,csma,0.6,1.0,100,8,6,18,18.0,1574.3959959595963,1.0,18.0,91.63391337242292,303.0,nan,nan,nan,nan,0,0.0,0.7141216991963261
35,csma,0.6,1.0,100,19,5,24,24.0,1905.230561616162,1.0,24.0,73.49006537623382,216.0,nan,nan,nan,nan,0,0.0,0.5247544732947665
36,csma,0.6,0.97,97,12,5,21,21.0,1763.1396916666674,1.0,21.0,83.48663482061185,219.0,nan,nan,nan,nan,0,0.0,0.67939511117249
37,csma,0.6,0.96,96,7,7,21,21.0,1751.313103157895,1.0,21.0,81.68347542173045,217.0,nan,nan,nan,nan,0,0.0,0.7778483245149912
38,csma,0.6,1.0,100,9,6,17,17.0,1531.2202666666672,1.0,17.0,108.8145518258945,310.0,nan,nan,nan,nan,0,0.0,0.7293516276567124
39,csma,0.6,1.0,100,11,6,19,19.0,1636.4796767676771,1.0,19.0,88.35758445572974,219.0,nan,nan,nan,nan,0,0.0,0.6128552097428958
40,csma,0.6,1.0,100,11,7,18,18.0,1586.4873777777786,1.0,18.0,101.68675854849965,308.0,nan,nan,nan,nan,0,0.0,0.7757477331167952
41,csma,0.6,1.0,100,10,5,19,19.0,1636.5557979797986,1.0,19.0,93.65085227272728,305.0,nan,nan,nan,nan,0,0.0,0.7083920305896558
42,csma,0.6,1.0,100,8,6,17,17.0,1521.9078343434348,1.0,17.0,106.1816125945899,312.0,nan,nan,nan,nan,0,0.0,0.7698540243739119
43,csma,0.6,0.96,96,9,6,20,20.0,1685.2677726315796,1.0,20.0,77.36064823292438,217.0,nan,nan,nan,nan,0,0.0,0.7781973637335233
44,csma,0.6,1.0,100,11,5,19,19.0,1649.1016000000006,1.0,19.0,80.96803537586861,218.0,nan,nan,nan,nan,0,0.0,0.5337874291880227
45,csma,0.6,1.0,100,10,6,17,17.0,1518.4059151515155,1.0,17.0,96.79573728503476,308.0,nan,nan,nan,nan,0,0.0,0.728023441662227
46,csma,0.6,0.99,99,10,6,19,19.0,1642.5367918367353,1.0,19.0,91.2806511627907,302.0,nan,nan,nan,nan,0,0.0,0.7261550932180492
47,csma,0.6,1.0,100,16,5,19,19.0,1640.8497212121217,1.0,19.0,94.8260068762279,306.0,nan,nan,nan,nan,0,0.0,0.5500472781304876
48,csma,0.6,0.99,99,13,6,18,18.0,1586.9607877551023,1.0,18.0,103.24953766489952,310.0,nan,nan,nan,nan,0,0.0,0.5506075622836196
49,csma,0.6,1.0,100,13,5,18,18.0,1574.5526909090913,1.0,18.0,95.61874544887132,305.0,nan,nan,nan,nan,0,0.0,0.6450811971547443
0,csma,0.7,0.99,99,9,7,19,19.0,1663.7284938775515,1.0,19.0,108.61792752701844,313.0,nan,nan,nan,nan,0,0.0,0.643654644297656
1,csma,0.7,1.0,100,8,7,18,18.0,1593.7982222222224,1.0,18.0,111.57278507142267,312.0,nan,nan,nan,nan,0,0.0,0.7009491839333256
2,csma,0.7,1.0,100,11,8,20,20.0,1721.3182262626267,1.0,20.0,101.68895062281567,310.0,nan,nan,nan,nan,0,0.0,0.6412481323985749
3,csma,0.7,0.99,99,11,6,18,18.0,1601.9630938775515,1.0,18.0,95.35879131625269,304.0,nan,nan,nan,nan,0,0.0,0.5975574124934261
4,csma,0.7,1.0,100,9,8,19,19.0,1659.506335353536,1.0,19.0,96.20419207971824,308.0,nan,nan,nan,nan,0,0.0,0.672229600970145
5,csma,0.7,0.97,97,12,6,19,19.0,1654.6707875000006,1.0,19.0,93.71618116520351,308.0,nan,nan,nan,nan,0,0.0,0.5937685108399479
6,csma,0.7,1.0,100,9,6,21,21.0,1770.3098545454552,1.0,21.0,81.61316705806138,220.0,nan,nan,nan,nan,0,0.0,0.7099166427134234
7,csma,0.7,1.0,100,13,7,18,18.0,1597.0235272727277,1.0,18.0,114.39948091272845,315.0,nan,nan,nan,nan,0,0.0,0.5321708103130756
8,csma,0.7,1.0,100,15,6,22,22.0,1827.2404929292936,1.0,22.0,92.53099627471583,305.0,nan,nan,nan,nan,0,0.0,0.6057747945839602
9,csma,0.7,1.0,100,13,5,21,21.0,1772.5732040404046,1.0,21.0,89.57281728172818,305.0,nan,nan,nan,nan,0,0.0,0.6386892785283127
10,csma,0.7,1.0,100,9,6,22,22.0,1819.6650060606066,1.0,22.0,74.52919588974066,216.0,nan,nan,nan,nan,0,0.0,0.7086632375888574
11,csma,0.7,1.0,100,12,6,22,22.0,1826.7623919191926,1.0,22.0,88.09186840471757,302.0,nan,nan,nan,nan,0,0.0,0.6537391304347826
12,csma,0.7,1.0,100,11,8,19,19.0,1650.5714787878794,1.0,19.0,94.03546229267846,305.0,nan,nan,nan,nan,0,0.0,0.6264638346727899
13,csma,0.7,1.0,100,12,8,18,18.0,1606.4743111111115,1.0,18.0,116.44655344655345,314.0,nan,nan,nan,nan,0,0.0,0.5214145155689316
14,csma,0.7,1.0,100,10,5,18,18.0,1599.8515313131315,1.0,18.0,95.49665504569867,304.0,nan,nan,nan,nan,0,0.0,0.6100477093751796
15,csma,0.7,1.0,100,12,5,18,18.0,1595.5179919191926,1.0,18.0,104.05829734731647,307.0,nan,nan,nan,nan,0,0.0,0.5589976435427323
16,csma,0.7,0.82,82,10,6,20,20.0,1717.107120987655,1.0,20.0,88.57680737506065,305.0,nan,nan,nan,nan,0,0.0,0.722954960011225
17,csma,0.7,0.97,97,11,6,20,20.0,1714.144304166667,1.0,20.0,91.06302170283806,305.0,nan,nan,nan,nan,0,0.0,0.5716671637339695
18,csma,0.7,1.0,100,12,5,20,20.0,1712.8376242424247,1.0,20.0,89.2723984706004,220.0,nan,nan,nan,nan,0,0.0,0.5633696221691797
19,csma,0.7,1.0,100,10,5,19,19.0,1658.9732848484853,1.0,19.0,96.12381120112715,305.0,nan,nan,nan,nan,0,0.0,0.6560369728480647
20,csma,0.7,1.0,100,9,6,18,18.0,1600.5007636363644,1.0,18.0,102.02411601759817,308.35000000000036,nan,nan,nan,nan,0,0.0,0.7063766114180479
21,csma,0.7,1.0,100,8,8,18,18.0,1604.6198626262635,1.0,18.0,104.50525977676062,313.0,nan,nan,nan,nan,0,0.0,0.7197849835269637
22,csma,0.7,0.97,97,10,5,17,17.0,1548.9089958333336,1.0,17.0,110.32614336685047,310.0,nan,nan,nan,nan,0,0.0,0.7313052244559094
23,csma,0.7,0.97,97,7,7,19,19.0,1667.448141666667,1.0,19.0,104.9419533412416,307.0,nan,nan,nan,nan,0,0.0,0.7496887413292227
24,csma,0.7,1.0,100,10,6,18,18.0,1609.2299919191926,1.0,18.0,104.14046288906624,307.0,nan,nan,nan,nan,0,0.0,0.7206533617070224
25,csma,0.7,0.99,99,11,5,18,18.0,1606.5415795918373,1.0,18.0,107.2181609415367,309.0,nan,nan,nan,nan,0,0.0,0.6114198794828293
26,csma,0.7,1.0,100,10,5,20,20.0,1717.6518868686874,1.0,20.0,94.7603926589842,304.0,nan,nan,nan,nan,0,0.0,0.6742058011049724
27,csma,0.7,1.0,100,12,6,19,19.0,1645.218634343435,1.0,19.0,96.67848970251717,305.0,nan,nan,nan,nan,0,0.0,0.5575919266906392
28,csma,0.7,1.0,100,13,5,18,18.0,1601.121943434344,1.0,18.0,105.18021165108394,309.0,nan,nan,nan,nan,0,0.0,0.5609474958215664
29,csma,0.7,1.0,100,9,5,18,18.0,1595.5966060606065,1.0,18.0,100.9250539025442,307.0,nan,nan,nan,nan,0,0.0,0.6699601317386029
30,csma,0.7,0.93,93,11,6,19,19.0,1660.6042347826092,1.0,19.0,100.92912308930008,309.0,nan,nan,nan,nan,0,0.0,0.7678527304175933
31,csma,0.7,1.0,100,9,6,17,17.0,1533.724448484849,1.0,17.0,114.14629365645047,314.0,nan,nan,nan,nan,0,0.0,0.6479621290844013
32,csma,0.7,1.0,100,10,6,20,20.0,1714.515725252526,1.0,20.0,88.43910028449503,303.0,nan,nan,nan,nan,0,0.0,0.6500982545370477
33,csma,0.7,1.0,100,12,6,19,19.0,1666.6898909090917,1.0,19.0,94.37943674564148,305.0,nan,nan,nan,nan,0,0.0,0.6445571370944505
34,csma,0.7,1.0,100,8,6,18,18.0,1594.1484767676773,1.0,18.0,106.2001321003963,309.0,nan,nan,nan,nan,0,0.0,0.6994686994686995
35,csma,0.7,1.0,100,19,5,24,24.0,1927.948032323233,1.0,24.0,80.17668097281832,221.0,nan,nan,nan,nan,0,0.0,0.4852201075953028
36,csma,0.7,0.97,97,12,5,21,21.0,1785.4591375000007,1.0,21.0,91.48461758262691,221.0,nan,nan,nan,nan,0,0.0,0.6214632413874749
37,csma,0.7,0.96,96,7,7,21,21.0,1771.9382400000006,1.0,21.0,89.55187835420394,221.0,nan,nan,nan,nan,0,0.0,0.7424535136440473
38,csma,0.7,1.0,100,9,6,17,17.0,1546.3937333333338,1.0,17.0,118.2479572850093,313.0,nan,nan,nan,nan,0,0.0,0.713766023790276
39,csma,0.7,1.0,100,11,6,19,19.0,1656.4561979797986,1.0,19.0,99.48277809147375,306.0,nan,nan,nan,nan,0,0.0,0.6082427017744705
40,csma,0.7,1.0,100,11,7,18,18.0,1602.9283030303036,1.0,18.0,113.54015288832848,313.0,nan,nan,nan,nan,0,0.0,0.7338499797582557
41,csma,0.7,1.0,100,10,5,19,19.0,1654.6749010101016,1.0,19.0,99.52780911062906,307.0,nan,nan,nan,nan,0,0.0,0.6673422119281992
42,csma,0.7,1.0,100,8,6,17,17.0,1540.4509858585864,1.0,17.0,111.47579664315252,311.0,nan,nan,nan,nan,0,0.0,0.7139631816602987
43,csma,0.7,0.96,96,9,6,20,20.0,1707.653393684211,1.0,20.0,86.24572503419972,306.0,nan,nan,nan,nan,0,0.0,0.708934416292884
44,csma,0.7,1.0,100,11,5,19,19.0,1669.586525252526,1.0,19.0,94.36853243043065,307.0,nan,nan,nan,nan,0,0.0,0.5395330250613689
45,csma,0.7,1.0,100,10,6,17,17.0,1534.2188686868692,1.0,17.0,110.33300733496333,312.0,nan,nan,nan,nan,0,0.0,0.7065530346654382
46,csma,0.7,0.99,99,10,6,19,19.0,1660.115065306123,1.0,19.0,97.30520142784293,305.0,nan,nan,nan,nan,0,0.0,0.6851053918714336
47,csma,0.7,1.0,100,16,5,19,19.0,1661.6187878787885,1.0,19.0,106.71985616361388,311.0,nan,nan,nan,nan,0,0.0,0.5124085910059308
48,csma,0.7,0.99,99,13,6,18,18.0,1605.392346938776,1.0,18.0,109.1598226784881,310.0,nan,nan,nan,nan,0,0.0,0.5004086398131933
49,csma,0.7,1.0,100,13,5,18,18.0,1591.1968323232327,1.0,18.0,115.66215071972904,314.0,nan,nan,nan,nan,0,0.0,0.6126224783861671
0,csma,0.8,0.99,99,9,7,19,19.0,1678.2701265306127,1.0,19.0,114.42426631625055,315.0,nan,nan,nan,nan,0,0.0,0.5813006059988797
1,csma,0.8,1.0,100,8,7,18,18.0,1607.6083111111116,1.0,18.0,119.14036939313984,315.0,nan,nan,nan,nan,0,0.0,0.6723604845658675
2,csma,0.8,1.0,100,11,8,20,20.0,1738.0480202020208,1.0,20.0,115.15120804280849,314.0,nan,nan,nan,nan,0,0.0,0.622394913458142
3,csma,0.8,0.99,99,11,6,18,18.0,1617.3189224489802,1.0,18.0,106.5807584902261,310.0,nan,nan,nan,nan,0,0.0,0.5661464708282333
4,csma,0.8,1.0,100,9,8,19,19.0,1672.8846747474752,1.0,19.0,109.4638901887381,312.0,nan,nan,nan,nan,0,0.0,0.6488538029451951
5,csma,0.8,0.97,97,12,6,19,19.0,1670.338670833334,1.0,19.0,105.78572070856937,312.0,nan,nan,nan,nan,0,0.0,0.5768751945222533
6,csma,0.8,1.0,100,9,6,21,21.0,1786.1746626262632,1.0,21.0,94.83049708911778,310.0,nan,nan,nan,nan,0,0.0,0.677864912724513
7,csma,0.8,1.0,100,13,7,18,18.0,1612.4423434343441,1.0,18.0,115.00695367624502,313.0,nan,nan,nan,nan,0,0.0,0.49421337241623287
8,csma,0.8,1.0,100,15,6,22,22.0,1845.9073696969704,1.0,22.0,96.56366377017201,307.0,nan,nan,nan,nan,0,0.0,0.5736229082956106
9,csma,0.8,1.0,100,13,5,21,21.0,1790.2690060606067,1.0,21.0,98.29957382802708,311.0,nan,nan,nan,nan,0,0.0,0.6019012171813701
10,csma,0.8,1.0,100,9,6,22,22.0,1838.7962545454552,1.0,22.0,83.19193262411348,221.0,nan,nan,nan,nan,0,0.0,0.682533279548205
11,csma,0.8,1.0,100,12,6,22,22.0,1843.975317171718,1.0,22.0,92.95128347770802,303.0,nan,nan,nan,nan,0,0.0,0.6367914979757086
12,csma,0.8,1.0,100,11,8,19,19.0,1666.5041131313135,1.0,19.0,97.71265426413704,308.0,nan,nan,nan,nan,0,0.0,0.5496886548878651
13,csma,0.8,1.0,100,12,8,18,18.0,1620.7314383838386,1.0,18.0,129.9407198306281,318.0,nan,nan,nan,nan,0,0.0,0.5003783483831913
14,csma,0.8,1.0,100,10,5,18,18.0,1615.684642424243,1.0,18.0,105.7712761227212,311.0,nan,nan,nan,nan,0,0.0,0.5651889827100924
15,csma,0.8,1.0,100,12,5,18,18.0,1610.2683111111116,1.0,18.0,106.25266425245732,308.0,nan,nan,nan,nan,0,0.0,0.4871471774193548
16,csma,0.8,0.82,82,10,6,20,20.0,1733.4277777777781,1.0,20.0,96.80060034305318,308.0,nan,nan,nan,nan,0,0.0,0.7215793056501021
17,csma,0.8,0.97,97,11,6,20,20.0,1729.0310375000006,1.0,20.0,96.2246865057084,308.0,nan,nan,nan,nan,0,0.0,0.560679993703762
18,csma,0.8,1.0,100,12,5,20,20.0,1731.7460969696976,1.0,20.0,94.82063835797005,304.0,nan,nan,nan,nan,0,0.0,0.5353596451434044
19,csma,0.8,1.0,100,10,5,19,19.0,1676.0585171717178,1.0,19.0,104.71640009548818,309.0,nan,nan,nan,nan,0,0.0,0.6342485111537297
20,csma,0.8,1.0,100,9,6,18,18.0,1616.1276606060615,1.0,18.0,110.90523833345244,311.0,nan,nan,nan,nan,0,0.0,0.7085422046685909
21,csma,0.8,1.0,100,8,8,18,18.0,1620.3277050505055,1.0,18.0,118.81563792085056,315.0,nan,nan,nan,nan,0,0.0,0.6837986570404403
22,csma,0.8,0.97,97,10,5,17,17.0,1562.7760833333339,1.0,17.0,121.9775329757936,314.0,nan,nan,nan,nan,0,0.0,0.7201461377870564
23,csma,0.8,0.97,97,7,7,19,19.0,1682.9034916666674,1.0,19.0,110.26106131739934,310.0,nan,nan,nan,nan,0,0.0,0.727639751552795
24,csma,0.8,1.0,100,10,6,18,18.0,1623.400638383839,1.0,18.0,116.29665175349979,312.0,nan,nan,nan,nan,0,0.0,0.6992280135223775
25,csma,0.8,0.99,99,11,5,18,18.0,1620.7833510204089,1.0,18.0,115.25210504376824,314.0,nan,nan,nan,nan,0,0.0,0.6106501043628774
26,csma,0.8,1.0,100,10,5,20,20.0,1734.373325252526,1.0,20.0,103.74572888392144,310.0,nan,nan,nan,nan,0,0.0,0.6285628261742272
27,csma,0.8,1.0,100,12,6,19,19.0,1661.6970181818185,1.0,19.0,108.86684936684937,310.0,nan,nan,nan,nan,0,0.0,0.5350389321468298
28,csma,0.8,1.0,100,13,5,18,18.0,1616.8786545454552,1.0,18.0,109.74088826926906,311.0,nan,nan,nan,nan,0,0.0,0.5078128950695322
29,csma,0.8,1.0,100,9,5,18,18.0,1610.1252202020207,1.0,18.0,110.91939661740058,310.0,nan,nan,nan,nan,0,0.0,0.6613927239746045
30,csma,0.8,0.93,93,11,6,19,19.0,1676.1504826086962,1.0,19.0,103.26167004928965,309.0,nan,nan,nan,nan,0,0.0,0.7528512960436562
31,csma,0.8,1.0,100,9,6,17,17.0,1548.2070060606065,1.0,17.0,131.58052050473185,405.0,nan,nan,nan,nan,0,0.0,0.641051567239636
32,csma,0.8,1.0,100,10,6,20,20.0,1732.6543393939398,1.0,20.0,99.22561268620855,309.0,nan,nan,nan,nan,0,0.0,0.6287958906179181
33,csma,0.8,1.0,100,12,6,19,19.0,1683.945753535354,1.0,19.0,105.08490936200266,309.0,nan,nan,nan,nan,0,0.0,0.6425473981444131
34,csma,0.8,1.0,100,8,6,18,18.0,1606.3087878787885,1.0,18.0,108.52694795195565,311.0,nan,nan,nan,nan,0,0.0,0.6592224139681251
35,csma,0.8,1.0,100,19,5,24,24.0,1948.5729050505058,1.0,24.0,85.58068487018801,223.0,nan,nan,nan,nan,0,0.0,0.45254735136230123
36,csma,0.8,0.97,97,12,5,21,21.0,1806.0030916666672,1.0,21.0,97.915940998756,309.0,nan,nan,nan,nan,0,0.0,0.5862985152383433
37,csma,0.8,0.96,96,7,7,21,21.0,1790.2932505263166,1.0,21.0,96.34277992842013,307.0,nan,nan,nan,nan,0,0.0,0.7190651260504202
38,csma,0.8,1.0,100,9,6,17,17.0,1560.4307636363642,1.0,17.0,126.6243895219772,315.34999999999854,nan,nan,nan,nan,0,0.0,0.6810805362362665
39,csma,0.8,1.0,100,11,6,19,19.0,1672.2575272727279,1.0,19.0,103.82378146759507,309.0,nan,nan,nan,nan,0,0.0,0.5659004799191715
40,csma,0.8,1.0,100,11,7,18,18.0,1615.8766545454553,1.0,18.0,117.43029826192691,314.0,nan,nan,nan,nan,0,0.0,0.7039423996777604
41,csma,0.8,1.0,100,10,5,19,19.0,1669.5347636363642,1.0,19.0,109.23874829519625,310.0,nan,nan,nan,nan,0,0.0,0.6643511527232457
42,csma,0.8,1.0,100,8,6,17,17.0,1554.4268646464652,1.0,17.0,121.62777857450165,316.0,nan,nan,nan,nan,0,0.0,0.7029233870967742
43,csma,0.8,0.96,96,9,6,20,20.0,1724.8277178947376,1.0,20.0,93.25165908582507,306.0,nan,nan,nan,nan,0,0.0,0.7074058444983649
44,csma,0.8,1.0,100,11,5,19,19.0,1685.1711393939402,1.0,19.0,101.2703025477707,310.0,nan,nan,nan,nan,0,0.0,0.5087337350007595
45,csma,0.8,1.0,100,10,6,17,17.0,1547.498561616162,1.0,17.0,113.09743032373262,314.0,nan,nan,nan,nan,0,0.0,0.6522025316455696
46,csma,0.8,0.99,99,10,6,19,19.0,1677.084277551021,1.0,19.0,109.84257815400609,311.0,nan,nan,nan,nan,0,0.0,0.6868815668672855
47,csma,0.8,1.0,100,16,5,19,19.0,1678.3539515151522,1.0,19.0,115.0034464189553,313.0,nan,nan,nan,nan,0,0.0,0.46754620071504105
48,csma,0.8,0.99,99,13,6,18,18.0,1619.9037551020415,1.0,18.0,120.4684247751844,317.0,nan,nan,nan,nan,0,0.0,0.5059040024536114
49,csma,0.8,1.0,100,13,5,18,18.0,1606.2327191919198,1.0,18.0,123.26925078043705,317.0,nan,nan,nan,nan,0,0.0,0.5821596244131455
0,csma,0.9,0.99,99,9,7,19,19.0,1690.7441918367351,1.0,19.0,122.06351653434055,317.0,nan,nan,nan,nan,0,0.0,0.5898963259367043
1,csma,0.9,1.0,100,8,7,18,18.0,1620.9325979797984,1.0,18.0,128.7780472593722,318.0,nan,nan,nan,nan,0,0.0,0.6472461428058844
2,csma,0.9,1.0,100,11,8,20,20.0,1750.8220484848491,1.0,20.0,120.89930709125755,317.0,nan,nan,nan,nan,0,0.0,0.6100094428706326
3,csma,0.9,0.99,99,11,6,18,18.0,1629.7811632653065,1.0,18.0,119.54419911055629,314.0,nan,nan,nan,nan,0,0.0,0.5805326569435637
4,csma,0.9,1.0,100,9,8,19,19.0,1685.1735878787883,1.0,19.0,114.37565166311771,315.0,nan,nan,nan,nan,0,0.0,0.6102249305493324
5,csma,0.9,0.97,97,12,6,19,19.0,1681.888720833334,1.0,19.0,116.09647433213298,317.0,nan,nan,nan,nan,0,0.0,0.5534133568151273
6,csma,0.9,1.0,100,9,6,21,21.0,1803.375450505051,1.0,21.0,99.20266120777892,313.0,nan,nan,nan,nan,0,0.0,0.6574992148593477
7,csma,0.9,1.0,100,13,7,18,18.0,1624.5017090909093,1.0,18.0,133.3190211953061,405.0,nan,nan,nan,nan,0,0.0,0.4941118302768788
8,csma,0.9,1.0,100,15,6,22,22.0,1862.8966747474753,1.0,22.0,103.98922413793103,311.0,nan,nan,nan,nan,0,0.0,0.5223107749110721
9,csma,0.9,1.0,100,13,5,21,21.0,1803.9231151515157,1.0,21.0,106.57009879970605,316.0,nan,nan,nan,nan,0,0.0,0.5502291310989307
10,csma,0.9,1.0,100,9,6,22,22.0,1854.146642424243,1.0,22.0,87.08317942403721,221.0,nan,nan,nan,nan,0,0.0,0.6550318128864594
11,csma,0.9,1.0,100,12,6,22,22.0,1861.165147474748,1.0,22.0,103.27608992314875,310.0,nan,nan,nan,nan,0,0.0,0.6246859296482412
12,csma,0.9,1.0,100,11,8,19,19.0,1678.4892121212129,1.0,19.0,112.90108216432866,315.0,nan,nan,nan,nan,0,0.0,0.5584403957204889
13,csma,0.9,1.0,100,12,8,18,18.0,1629.831745454546,1.0,18.0,132.31083823827888,402.7000000000007,nan,nan,nan,nan,0,0.0,0.4441739914356547
14,csma,0.9,1.0,100,10,5,18,18.0,1625.8287878787885,1.0,18.0,109.53058843140523,313.0,nan,nan,nan,nan,0,0.0,0.5402800918629261
15,csma,0.9,1.0,100,12,5,18,18.0,1623.9784242424248,1.0,18.0,118.2253534956795,314.0,nan,nan,nan,nan,0,0.0,0.45580271225887303
16,csma,0.9,0.82,82,10,6,20,20.0,1747.9656098765438,1.0,20.0,108.00915647030224,313.0,nan,nan,nan,nan,0,0.0,0.6782632591371256
17,csma,0.9,0.97,97,11,6,20,20.0,1743.453770833334,1.0,20.0,103.79582712369597,310.0,nan,nan,nan,nan,0,0.0,0.5275889181813977
18,csma,0.9,1.0,100,12,5,20,20.0,1748.424040404041,1.0,20.0,107.80191819911224,310.0,nan,nan,nan,nan,0,0.0,0.5672151784911429
19,csma,0.9,1.0,100,10,5,19,19.0,1688.5714060606067,1.0,19.0,111.97467400316575,311.0,nan,nan,nan,nan,0,0.0,0.595760923256545
20,csma,0.9,1.0,100,9,6,18,18.0,1629.455276767677,1.0,18.0,118.71874370847594,315.0,nan,nan,nan,nan,0,0.0,0.6668605952114567
21,csma,0.9,1.0,100,8,8,18,18.0,1630.8337171717178,1.0,18.0,126.50609677000908,317.0,nan,nan,nan,nan,0,0.0,0.6929438202247191
22,csma,0.9,0.97,97,10,5,17,17.0,1573.3872583333339,1.0,17.0,125.43341751416285,315.0,nan,nan,nan,nan,0,0.0,0.677941788903799
23,csma,0.9,0.97,97,7,7,19,19.0,1694.5908666666671,1.0,19.0,120.68739717012176,315.0,nan,nan,nan,nan,0,0.0,0.7027239513481015
24,csma,0.9,1.0,100,10,6,18,18.0,1635.2228686868693,1.0,18.0,127.37114278242677,317.0,nan,nan,nan,nan,0,0.0,0.6858577706035334
25,csma,0.9,0.99,99,11,5,18,18.0,1633.3173877551026,1.0,18.0,126.00682620033747,316.0,nan,nan,nan,nan,0,0.0,0.5901149633384629
26,csma,0.9,1.0,100,10,5,20,20.0,1747.7692444444453,1.0,20.0,111.06581365757104,313.0,nan,nan,nan,nan,0,0.0,0.6349762097136188
27,csma,0.9,1.0,100,12,6,19,19.0,1674.3447393939398,1.0,19.0,118.53564865858141,314.0,nan,nan,nan,nan,0,0.0,0.48943250292292473
28,csma,0.9,1.0,100,13,5,18,18.0,1627.9931474747482,1.0,18.0,125.28143607705779,317.0,nan,nan,nan,nan,0,0.0,0.5134430356982286
29,csma,0.9,1.0,100,9,5,18,18.0,1624.1082747474752,1.0,18.0,117.8336205114067,313.0,nan,nan,nan,nan,0,0.0,0.6522657795360547
30,csma,0.9,0.93,93,11,6,19,19.0,1691.6975739130442,1.0,19.0,116.03054662379421,313.0,nan,nan,nan,nan,0,0.0,0.7221711576604906
31,csma,0.9,1.0,100,9,6,17,17.0,1561.2522141414147,1.0,17.0,139.0970824949698,408.0,nan,nan,nan,nan,0,0.0,0.6247923494814349
32,csma,0.9,1.0,100,10,6,20,20.0,1745.9669858585864,1.0,20.0,105.94161845367796,311.0,nan,nan,nan,nan,0,0.0,0.5970303247801902
33,csma,0.9,1.0,100,12,6,19,19.0,1698.6841171717178,1.0,19.0,114.2451473759885,313.0,nan,nan,nan,nan,0,0.0,0.6220373848492979
34,csma,0.9,1.0,100,8,6,18,18.0,1618.294222222223,1.0,18.0,122.23170731707317,315.0,nan,nan,nan,nan,0,0.0,0.6461344499977486
35,csma,0.9,1.0,100,19,5,24,24.0,1964.43471919192,1.0,24.0,96.6882435974995,308.0,nan,nan,nan,nan,0,0.0,0.4448331539289559
36,csma,0.9,0.97,97,12,5,21,21.0,1820.980145833334,1.0,21.0,109.93015291494106,313.0,nan,nan,nan,nan,0,0.0,0.5820238260788949
37,csma,0.9,0.96,96,7,7,21,21.0,1801.837418947369,1.0,21.0,109.08876163206872,312.0,nan,nan,nan,nan,0,0.0,0.7218620819240887
38,csma,0.9,1.0,100,9,6,17,17.0,1571.09932929293,1.0,17.0,139.13576158940398,405.0,nan,nan,nan,nan,0,0.0,0.6781944756344038
39,csma,0.9,1.0,100,11,6,19,19.0,1685.257147474748,1.0,19.0,112.12661835355426,311.0,nan,nan,nan,nan,0,0.0,0.5489205739060474
40,csma,0.9,1.0,100,11,7,18,18.0,1628.121155555556,1.0,18.0,125.34707214493692,316.0,nan,nan,nan,nan,0,0.0,0.6928318465055812
41,csma,0.9,1.0,100,10,5,19,19.0,1684.5452606060612,1.0,19.0,117.43286819463523,314.0,nan,nan,nan,nan,0,0.0,0.6207252490799748
42,csma,0.9,1.0,100,8,6,17,17.0,1565.1841050505057,1.0,17.0,137.83334410339256,407.0,nan,nan,nan,nan,0,0.0,0.6953181164629763
43,csma,0.9,0.96,96,9,6,20,20.0,1739.1185010526322,1.0,20.0,103.94953871959743,315.0,nan,nan,nan,nan,0,0.0,0.6708552138034508
44,csma,0.9,1.0,100,11,5,19,19.0,1698.5152686868691,1.0,19.0,105.48222118525432,310.2999999999993,nan,nan,nan,nan,0,0.0,0.4793111160814136
45,csma,0.9,1.0,100,10,6,17,17.0,1558.5361090909096,1.0,17.0,126.16383803287451,317.0,nan,nan,nan,nan,0,0.0,0.6716330835165821
46,csma,0.9,0.99,99,10,6,19,19.0,1688.0142979591842,1.0,19.0,116.13543254888963,313.0,nan,nan,nan,nan,0,0.0,0.6829809390138996
47,csma,0.9,1.0,100,16,5,19,19.0,1689.8951232323236,1.0,19.0,121.99300131859215,316.0,nan,nan,nan,nan,0,0.0,0.4433202931786501
48,csma,0.9,0.99,99,13,6,18,18.0,1630.0004000000008,1.0,18.0,125.01062801932368,318.0,nan,nan,nan,nan,0,0.0,0.47316448751942947
49,csma,0.9,1.0,100,13,5,18,18.0,1618.7279919191922,1.0,18.0,124.7018410041841,316.5499999999993,nan,nan,nan,nan,0,0.0,0.5369338605319913
0,csma,1.0,0.99,99,9,7,19,19.0,1702.4101755102047,1.0,19.0,132.38170180722892,408.0,nan,nan,nan,nan,0,0.0,0.5420408163265306
1,csma,1.0,1.0,100,8,7,18,18.0,1631.7901696969705,1.0,18.0,137.68944220517488,406.0,nan,nan,nan,nan,0,0.0,0.6214949494949495
2,csma,1.0,1.0,100,11,8,20,20.0,1762.2835555555562,1.0,20.0,132.24336917562724,403.0,nan,nan,nan,nan,0,0.0,0.5636363636363636
3,csma,1.0,0.99,99,11,6,18,18.0,1639.2309020408168,1.0,18.0,122.64309334134977,316.0,nan,nan,nan,nan,0,0.0,0.5431020408163265
4,csma,1.0,1.0,100,9,8,19,19.0,1695.5614141414146,1.0,19.0,129.60899374873966,404.0,nan,nan,nan,nan,0,0.0,0.6010909090909091
5,csma,1.0,0.97,97,12,6,19,19.0,1692.0535500000008,1.0,19.0,122.60493448777872,318.0,nan,nan,nan,nan,0,0.0,0.5437916666666667
6,csma,1.0,1.0,100,9,6,21,21.0,1815.3879151515157,1.0,21.0,100.91390122811602,312.0,nan,nan,nan,nan,0,0.0,0.6185050505050506
7,csma,1.0,1.0,100,13,7,18,18.0,1636.32852929293,1.0,18.0,140.9835231193927,409.0,nan,nan,nan,nan,0,0.0,0.46836363636363637
8,csma,1.0,1.0,100,15,6,22,22.0,1875.7574181818186,1.0,22.0,111.42864753786438,314.0,nan,nan,nan,nan,0,0.0,0.5308686868686868
9,csma,1.0,1.0,100,13,5,21,21.0,1816.8445616161623,1.0,21.0,117.87186101206282,317.0,nan,nan,nan,nan,0,0.0,0.5325656565656566
10,csma,1.0,1.0,100,9,6,22,22.0,1869.1133373737382,1.0,22.0,94.46450459652706,310.0,nan,nan,nan,nan,0,0.0,0.6328888888888888
11,csma,1.0,1.0,100,12,6,22,22.0,1873.973652525253,1.0,22.0,107.22945115546219,314.0,nan,nan,nan,nan,0,0.0,0.6154343434343434
12,csma,1.0,1.0,100,11,8,19,19.0,1691.1189373737377,1.0,19.0,120.11323599428663,317.0,nan,nan,nan,nan,0,0.0,0.5091717171717172
13,csma,1.0,1.0,100,12,8,18,18.0,1641.3835636363642,1.0,18.0,145.19089026915114,412.0,nan,nan,nan,nan,0,0.0,0.3903030303030303
14,csma,1.0,1.0,100,10,5,18,18.0,1638.0588000000002,1.0,18.0,122.95798626333479,318.0,nan,nan,nan,nan,0,0.0,0.552969696969697
15,csma,1.0,1.0,100,12,5,18,18.0,1635.0175757575762,1.0,18.0,123.13004601093844,315.0,nan,nan,nan,nan,0,0.0,0.4654141414141414
16,csma,1.0,0.82,82,10,6,20,20.0,1761.3435753086428,1.0,20.0,114.5506220666021,318.0,nan,nan,nan,nan,0,0.0,0.6628641975308642
17,csma,1.0,0.97,97,11,6,20,20.0,1754.8631541666673,1.0,20.0,109.27182491253762,314.0,nan,nan,nan,nan,0,0.0,0.512125
18,csma,1.0,1.0,100,12,5,20,20.0,1759.4999515151521,1.0,20.0,110.68172714892253,312.0,nan,nan,nan,nan,0,0.0,0.5043636363636363
19,csma,1.0,1.0,100,10,5,19,19.0,1699.813264646465,1.0,19.0,124.59626830736308,318.0,nan,nan,nan,nan,0,0.0,0.6041616161616161
20,csma,1.0,1.0,100,9,6,18,18.0,1640.6230949494955,1.0,18.0,127.36019906536384,318.0,nan,nan,nan,nan,0,0.0,0.6657373737373737
21,csma,1.0,1.0,100,8,8,18,18.0,1641.7908686868693,1.0,18.0,133.00494901914018,406.0,nan,nan,nan,nan,0,0.0,0.6776161616161616
22,csma,1.0,0.97,97,10,5,17,17.0,1583.227970833334,1.0,17.0,139.5994524385585,405.0,nan,nan,nan,nan,0,0.0,0.6544166666666666
23,csma,1.0,0.97,97,7,7,19,19.0,1703.2903916666673,1.0,19.0,122.83734643734644,316.0,nan,nan,nan,nan,0,0.0,0.6783333333333333
24,csma,1.0,1.0,100,10,6,18,18.0,1644.354145454546,1.0,18.0,131.38939750092788,318.0,nan,nan,nan,nan,0,0.0,0.6531717171717172
25,csma,1.0,0.99,99,11,5,18,18.0,1642.4713265306125,1.0,18.0,132.78485940879597,402.0,nan,nan,nan,nan,0,0.0,0.5661224489795919
26,csma,1.0,1.0,100,10,5,20,20.0,1758.9784969696975,1.0,20.0,119.20266878055226,317.0,nan,nan,nan,nan,0,0.0,0.6116363636363636
27,csma,1.0,1.0,100,12,6,19,19.0,1686.7774141414147,1.0,19.0,123.38181367690783,316.0,nan,nan,nan,nan,0,0.0,0.4892121212121212
28,csma,1.0,1.0,100,13,5,18,18.0,1640.0796767676773,1.0,18.0,134.39242174629325,405.0,nan,nan,nan,nan,0,0.0,0.4905050505050505
29,csma,1.0,1.0,100,9,5,18,18.0,1635.2041979797984,1.0,18.0,127.4418079824618,316.0,nan,nan,nan,nan,0,0.0,0.6266262626262626
30,csma,1.0,0.93,93,11,6,19,19.0,1702.3230913043483,1.0,19.0,118.23071123397838,315.0,nan,nan,nan,nan,0,0.0,0.692
31,csma,1.0,1.0,100,9,6,17,17.0,1571.226141414142,1.0,17.0,140.03712131986916,409.0,nan,nan,nan,nan,0,0.0,0.5681616161616162
32,csma,1.0,1.0,100,10,6,20,20.0,1757.7900606060614,1.0,20.0,114.01976760663172,315.0,nan,nan,nan,nan,0,0.0,0.5702626262626262
33,csma,1.0,1.0,100,12,6,19,19.0,1708.1841858585865,1.0,19.0,113.6825208913649,314.0,nan,nan,nan,nan,0,0.0,0.5802020202020202
34,csma,1.0,1.0,100,8,6,18,18.0,1627.9572686868692,1.0,18.0,128.81594350426263,318.0,nan,nan,nan,nan,0,0.0,0.6350707070707071
35,csma,1.0,1.0,100,19,5,24,24.0,1978.1728686868694,1.0,24.0,95.33683487139211,307.0,nan,nan,nan,nan,0,0.0,0.41155555555555556
36,csma,1.0,0.97,97,12,5,21,21.0,1833.9742666666673,1.0,21.0,109.45243044451551,313.0,nan,nan,nan,nan,0,0.0,0.5211666666666667
37,csma,1.0,0.96,96,7,7,21,21.0,1816.2943368421058,1.0,21.0,115.54498634896997,316.0,nan,nan,nan,nan,0,0.0,0.6785684210526316
38,csma,1.0,1.0,100,9,6,17,17.0,1579.9170828282834,1.0,17.0,148.30238109812083,411.0,nan,nan,nan,nan,0,0.0,0.660080808080808
39,csma,1.0,1.0,100,11,6,19,19.0,1696.5475515151522,1.0,19.0,118.50501697472652,313.0,nan,nan,nan,nan,0,0.0,0.5355555555555556
40,csma,1.0,1.0,100,11,7,18,18.0,1634.7477131313135,1.0,18.0,136.87064767470173,404.0,nan,nan,nan,nan,0,0.0,0.6637575757575758
41,csma,1.0,1.0,100,10,5,19,19.0,1693.5335838383844,1.0,19.0,125.68891142663962,317.0,nan,nan,nan,nan,0,0.0,0.5975757575757575
42,csma,1.0,1.0,100,8,6,17,17.0,1574.9094303030308,1.0,17.0,144.99354763022055,409.0,nan,nan,nan,nan,0,0.0,0.6888080808080808
43,csma,1.0,0.96,96,9,6,20,20.0,1749.1048589473692,1.0,20.0,112.42827161329632,315.0,nan,nan,nan,nan,0,0.0,0.6219368421052631
44,csma,1.0,1.0,100,11,5,19,19.0,1708.5381616161621,1.0,19.0,113.24230472434193,315.0,nan,nan,nan,nan,0,0.0,0.4712323232323232
45,csma,1.0,1.0,100,10,6,17,17.0,1570.0578343434347,1.0,17.0,130.11759106485596,404.0,nan,nan,nan,nan,0,0.0,0.6366868686868686
46,csma,1.0,0.99,99,10,6,19,19.0,1699.9384938775515,1.0,19.0,121.50730701594809,314.0,nan,nan,nan,nan,0,0.0,0.6731020408163265
47,csma,1.0,1.0,100,16,5,19,19.0,1701.63814949495,1.0,19.0,130.6597188560349,319.0,nan,nan,nan,nan,0,0.0,0.4167676767676768
48,csma,1.0,0.99,99,13,6,18,18.0,1642.8345387755105,1.0,18.0,131.39180400890868,407.0,nan,nan,nan,nan,0,0.0,0.45816326530612245
49,csma,1.0,1.0,100,13,5,18,18.0,1630.515337373738,1.0,18.0,135.12054263565892,407.0,nan,nan,nan,nan,0,0.0,0.5212121212121212
