net,k,p,frame_len,energy_uC,duty_b,radio_on,latency,latency_p95,wasted,granted,removal,service,failed,delayed,pdr
0,2,0.0,9.5,509.5255102040817,0.023899033297529536,0.4540816326530611,nan,nan,49.0,49.0,0.5,nan,0,nan,nan
1,2,0.0,9.0,509.7626262626264,0.0255331088664422,0.45959595959595956,nan,nan,49.5,49.5,0.5,nan,0,nan,nan
2,2,0.0,10.0,509.11111111111114,0.022222222222222223,0.4444444444444446,nan,nan,49.5,49.5,0.5,nan,0,nan,nan
3,2,0.0,9.0,509.0867346938776,0.02465986394557823,0.4438775510204082,nan,nan,49.0,49.0,0.5,nan,0,nan,nan
4,2,0.0,9.5,509.54545454545456,0.02392344497607656,0.45454545454545453,nan,nan,49.5,49.5,0.5,nan,0,nan,nan
5,2,0.0,9.5,508.8125000000001,0.02302631578947368,0.4375,nan,nan,48.0,48.0,0.5,nan,0,nan,nan
6,2,0.0,10.5,509.7626262626264,0.02188552188552189,0.45959595959595956,nan,nan,49.5,49.5,0.5,nan,0,nan,nan
7,2,0.0,9.0,508.6767676767678,0.02413019079685746,0.4343434343434343,nan,nan,49.5,49.5,0.5,nan,0,nan,nan
8,2,0.0,11.0,508.2424242424242,0.019283746556473826,0.4242424242424242,nan,nan,49.5,49.5,0.5,nan,0,nan,nan
9,2,0.0,10.5,508.89393939393943,0.020923520923520917,0.4393939393939394,nan,nan,49.5,49.5,0.5,nan,0,nan,nan
10,2,0.0,11.0,509.97979797979815,0.021120293847566578,0.4646464646464646,nan,nan,49.5,49.5,0.5,nan,0,nan,nan
11,2,0.0,11.0,509.32828282828285,0.020431588613406795,0.44949494949494956,nan,nan,49.5,49.5,0.5,nan,0,nan,nan
12,2,0.0,9.5,509.11111111111126,0.02339181286549707,0.4444444444444446,nan,nan,49.5,49.5,0.5,nan,0,nan,nan
13,2,0.0,9.0,508.89393939393943,0.024410774410774414,0.4393939393939394,nan,nan,49.5,49.5,0.5,nan,0,nan,nan
14,2,0.0,9.0,509.32828282828285,0.024971941638608306,0.44949494949494956,nan,nan,49.5,49.5,0.5,nan,0,nan,nan
15,2,0.0,9.0,508.89393939393943,0.024410774410774414,0.4393939393939394,nan,nan,49.5,49.5,0.5,nan,0,nan,nan
16,2,0.0,10.0,509.9074074074074,0.023148148148148147,0.46296296296296285,nan,nan,40.5,40.5,0.5,nan,0,nan,nan
17,2,0.0,10.0,509.0364583333334,0.022135416666666664,0.44270833333333337,nan,nan,48.0,48.0,0.5,nan,0,nan,nan
18,2,0.0,10.0,508.89393939393943,0.02196969696969697,0.4393939393939394,nan,nan,49.5,49.5,0.5,nan,0,nan,nan
19,2,0.0,9.5,509.32828282828285,0.02365762892078682,0.44949494949494956,nan,nan,49.5,49.5,0.5,nan,0,nan,nan
20,2,0.0,9.0,509.54545454545456,0.025252525252525252,0.45454545454545453,nan,nan,49.5,49.5,0.5,nan,0,nan,nan
21,2,0.0,9.0,509.97979797979804,0.025813692480359144,0.4646464646464646,nan,nan,49.5,49.5,0.5,nan,0,nan,nan
22,2,0.0,8.5,509.7083333333334,0.0269607843137255,0.4583333333333333,nan,nan,48.0,48.0,0.5,nan,0,nan,nan
23,2,0.0,9.5,510.15625,0.024671052631578948,0.46875,nan,nan,48.0,48.0,0.5,nan,0,nan,nan
24,2,0.0,9.0,509.97979797979804,0.025813692480359144,0.4646464646464646,nan,nan,49.5,49.5,0.5,nan,0,nan,nan
25,2,0.0,9.0,509.0867346938776,0.02465986394557823,0.4438775510204082,nan,nan,49.0,49.0,0.5,nan,0,nan,nan
26,2,0.0,10.0,509.32828282828285,0.022474747474747477,0.44949494949494956,nan,nan,49.5,49.5,0.5,nan,0,nan,nan
27,2,0.0,9.5,508.89393939393943,0.023125996810207335,0.4393939393939394,nan,nan,49.5,49.5,0.5,nan,0,nan,nan
28,2,0.0,9.0,508.67676767676767,0.02413019079685746,0.4343434343434343,nan,nan,49.5,49.5,0.5,nan,0,nan,nan
29,2,0.0,9.0,509.54545454545456,0.025252525252525252,0.45454545454545453,nan,nan,49.5,49.5,0.5,nan,0,nan,nan
30,2,0.0,9.5,510.7989130434782,0.02545766590389015,0.483695652173913,nan,nan,46.0,46.0,0.5,nan,0,nan,nan
31,2,0.0,8.5,509.54545454545456,0.0267379679144385,0.45454545454545453,nan,nan,49.5,49.5,0.5,nan,0,nan,nan
32,2,0.0,10.0,509.32828282828285,0.022474747474747477,0.44949494949494956,nan,nan,49.5,49.5,0.5,nan,0,nan,nan
33,2,0.0,9.5,509.97979797979804,0.02445507708665604,0.4646464646464646,nan,nan,49.5,49.5,0.5,nan,0,nan,nan
34,2,0.0,9.0,509.7626262626264,0.0255331088664422,0.45959595959595956,nan,nan,49.5,49.5,0.5,nan,0,nan,nan
35,2,0.0,12.0,507.3737373737374,0.016835016835016838,0.40404040404040403,nan,nan,49.5,49.5,0.5,nan,0,nan,nan
36,2,0.0,10.5,508.8125000000001,0.02083333333333333,0.4375,nan,nan,48.0,48.0,0.5,nan,0,nan,nan
37,2,0.0,10.5,509.91578947368413,0.02205513784461153,0.4631578947368421,nan,nan,47.5,47.5,0.5,nan,0,nan,nan
38,2,0.0,8.5,509.97979797979815,0.0273321449792038,0.4646464646464646,nan,nan,49.5,49.5,0.5,nan,0,nan,nan
39,2,0.0,9.5,509.11111111111114,0.02339181286549707,0.4444444444444446,nan,nan,49.5,49.5,0.5,nan,0,nan,nan
40,2,0.0,9.0,510.1969696969697,0.026094276094276097,0.4696969696969697,nan,nan,49.5,49.5,0.5,nan,0,nan,nan
41,2,0.0,9.5,509.54545454545456,0.02392344497607656,0.45454545454545453,nan,nan,49.5,49.5,0.5,nan,0,nan,nan
42,2,0.0,8.5,509.7626262626264,0.027035056446821144,0.45959595959595956,nan,nan,49.5,49.5,0.5,nan,0,nan,nan
43,2,0.0,10.0,509.4631578947369,0.022631578947368426,0.45263157894736844,nan,nan,47.5,47.5,0.5,nan,0,nan,nan
44,2,0.0,9.5,509.11111111111126,0.02339181286549707,0.4444444444444446,nan,nan,49.5,49.5,0.5,nan,0,nan,nan
45,2,0.0,8.5,510.1969696969697,0.027629233511586453,0.4696969696969697,nan,nan,49.5,49.5,0.5,nan,0,nan,nan
46,2,0.0,9.5,509.7448979591837,0.024167561761546722,0.4591836734693878,nan,nan,49.0,49.0,0.5,nan,0,nan,nan
47,2,0.0,9.5,508.02525252525265,0.022062732589048374,0.4191919191919193,nan,nan,49.5,49.5,0.5,nan,0,nan,nan
48,2,0.0,9.0,508.64795918367344,0.02409297052154195,0.4336734693877551,nan,nan,49.0,49.0,0.5,nan,0,nan,nan
49,2,0.0,9.0,508.6767676767678,0.02413019079685746,0.4343434343434343,nan,nan,49.5,49.5,0.5,nan,0,nan,nan
0,2,0.1,15.016,532.2831551020408,0.05250726380777876,0.7853061224489797,46.894521668029434,116.0,43.24,63.508,0.47425494246090294,0.6823154056517776,0,0.3462796402289452,1.0
1,2,0.1,14.28,535.3840646464648,0.058409185051431035,0.8318787878787879,45.399014778325125,115.0,43.516,65.828,0.47404816140579237,0.676200204290092,0,0.3263546798029557,1.0
2,2,0.1,15.308,534.0338383838384,0.052835236622491524,0.806989898989899,47.97776012708499,116.0,43.36,65.996,0.4728705900359685,0.6747595052679799,0,0.352263701350278,1.0
3,2,0.1,13.984,531.3247510204083,0.05515902321967748,0.7702448979591836,44.912353923205345,114.0,43.856,64.032,0.475536604755366,0.6842348589921405,0,0.33931552587646074,1.0
4,2,0.1,13.92,533.9203353535354,0.05809779023049968,0.8062626262626262,46.94154818325435,114.44999999999982,42.544,64.332,0.47285703986734917,0.6826397646069777,0,0.3511058451816746,1.0
5,2,0.1,14.776,533.3598916666666,0.053977695143228234,0.7962083333333333,44.967622950819674,115.0,42.028,63.884,0.4733098642143832,0.6786786786786787,0,0.3344262295081967,1.0
6,2,0.1,14.848,533.6818060606062,0.05446961602972955,0.8055353535353535,47.31477773327994,115.0,43.012,64.76,0.4731110109659006,0.6756633119853613,0,0.35042050460552665,1.0
7,2,0.1,13.428,531.2215030303032,0.056915904970450425,0.7618989898989899,46.251304696908875,114.0,43.428,64.1,0.47337830080367393,0.6823681936041487,0,0.3520674427940586,1.0
8,2,0.1,16.432,530.3818181818183,0.04586819603016713,0.7505858585858587,47.35918039373242,116.0,44.676,65.164,0.474028941355674,0.6792452830188679,0,0.3435114503816794,1.0
9,2,0.1,15.156,531.4723717171718,0.051091991347718906,0.7696969696969697,48.210258418167584,116.0,44.256,64.4,0.47219783435762364,0.6736706689536878,0,0.355912294440094,1.0
10,2,0.1,15.396,534.8359393939395,0.05379941410273055,0.8248484848484847,47.57913813934756,116.0,43.424,64.9,0.4729419937478291,0.6747346072186836,0,0.3495771244462344,1.0
11,2,0.1,16.048,532.4436000000001,0.04924174397249733,0.7882424242424243,47.52962369895917,116.0,44.42,65.504,0.4735895706900427,0.6739433348815607,0,0.34267413931144913,1.0
12,2,0.1,13.692,532.4009050505051,0.057476646061405415,0.7834747474747474,44.75880425880426,114.0,43.488,64.688,0.4743919885550787,0.6876651982378854,0,0.337018837018837,1.0
13,2,0.1,14.54,532.8552323232324,0.05431204982381453,0.7888484848484848,46.40824742268041,114.0,43.388,65.156,0.47368796858264905,0.6743875278396436,0,0.34804123711340207,1.0
14,2,0.1,13.804,530.8507272727273,0.05558769456924537,0.7665050505050505,45.874581939799334,114.0,44.968,64.508,0.47475679897749057,0.6709736963544071,0,0.34740802675585286,1.0
15,2,0.1,13.62,531.8081131313132,0.05723164848619394,0.7777373737373737,44.85666246321984,114.0,45.008,65.664,0.4741990889403331,0.6752015173067805,0,0.3358554014291719,1.0
16,2,0.1,14.244,534.0783604938272,0.05704032168509292,0.810962962962963,46.43756050338819,115.0,34.772,52.964,0.4726140318739696,0.6724890829694323,0,0.3465634075508228,1.0
17,2,0.1,15.464,533.3392000000001,0.05189754868293471,0.8019166666666667,45.34401972872996,115.0,43.476,64.788,0.47292276069254485,0.6711089957163255,0,0.33292231812577067,1.0
18,2,0.1,15.332,532.0669212121213,0.050857774106793714,0.778989898989899,44.95460072963113,115.0,44.028,65.28,0.47454010301692423,0.6824074074074075,0,0.33157681394406163,1.0
19,2,0.1,15.212,532.2662141414141,0.05168625245487991,0.7851717171717171,46.08793868495361,115.0,43.9,65.076,0.4735695614289864,0.6732495511669659,0,0.34045986284792257,1.0
20,2,0.1,13.576,533.7849131313131,0.059543173156809515,0.8069090909090909,44.70762368207624,114.0,43.16,64.984,0.4742268041237113,0.683737646001797,0,0.33657745336577455,1.0
21,2,0.1,14.064,534.7586383838385,0.05857950245107108,0.8211717171717172,48.563803169307754,115.0,42.628,64.544,0.4734436221158032,0.6668169522091975,0,0.3623853211009174,1.0
22,2,0.1,13.756,532.9351416666667,0.05791680975274725,0.7965,47.37798845836768,114.0,42.236,62.492,0.4725972414799679,0.6708750544188071,0,0.35737840065952187,1.0
23,2,0.1,15.068,535.6616,0.05572475950316024,0.84,46.085008375209384,115.0,42.04,63.888,0.4747149036570979,0.6850122850122851,0,0.3278894472361809,1.0
24,2,0.1,14.02,533.7207353535354,0.05767814800239042,0.807878787878788,46.79631053036126,114.0,42.708,64.388,0.47311178247734137,0.6827433628318584,0,0.3481936971560338,1.0
25,2,0.1,14.664,531.7016326530613,0.05287701805997124,0.7748571428571429,46.339501206757845,114.0,43.756,64.212,0.47322688451541034,0.6844638949671772,0,0.3483507642799678,1.0
26,2,0.1,16.076,531.6642626262626,0.04829984529478854,0.7761616161616162,47.65930470347648,115.0,44.052,64.856,0.47292167041140465,0.6688963210702341,0,0.35132924335378324,1.0
27,2,0.1,13.928,533.840088888889,0.05789533451298158,0.8043636363636364,43.95581678151601,114.0,43.696,66.28,0.4739055342794924,0.6807146129180027,0,0.332792865828942,1.0
28,2,0.1,14.036,531.3644404040405,0.0544041565188624,0.7631919191919192,46.81431411530815,114.0,43.024,64.148,0.47281461532862656,0.6735957540911102,0,0.35506958250497017,1.0
29,2,0.1,14.6,533.2373535353537,0.05504829081923556,0.802949494949495,43.60580065359477,114.0,44.424,65.972,0.47513138852921016,0.6902404526166902,0,0.3206699346405229,1.0
30,2,0.1,13.132,533.9657391304348,0.06254476194095758,0.818913043478261,45.732135216089006,114.0,40.276,59.308,0.47409976387249114,0.6828935395814377,0,0.33675652545999146,1.0
31,2,0.1,13.304,532.6316363636364,0.05953828208828209,0.7907070707070707,44.30234471410942,114.0,44.136,64.952,0.47498008545151715,0.6850753080785029,0,0.32825997531879886,1.0
32,2,0.1,15.052,532.0614909090909,0.05203015155734454,0.7815353535353534,45.81684981684982,115.0,44.132,65.016,0.47419814682822525,0.6725225225225225,0,0.33943833943833945,1.0
33,2,0.1,15.152,535.6994424242425,0.05562378989355254,0.8411313131313132,43.05557825909277,115.0,43.808,66.792,0.47573479152426523,0.6932309169467115,0,0.30527176134041684,1.0
34,2,0.1,14.124,533.7505212121213,0.0572508959450136,0.8075959595959595,46.800631662060795,114.0,42.992,64.792,0.4729140722291407,0.675185873605948,0,0.34622976707461506,1.0
35,2,0.1,18.308,528.374488888889,0.03918233656753156,0.7126868686868687,47.16854838709678,118.0,44.976,65.048,0.47477551020408165,0.685,0,0.3326612903225806,1.0
36,2,0.1,15.356,530.0537541666667,0.048633908558081355,0.7448333333333332,48.56373355263158,115.0,41.732,61.224,0.47403166049174805,0.6785862785862786,0,0.36101973684210525,1.0
37,2,0.1,15.816,535.4623242105264,0.052991644509782034,0.837178947368421,45.80253699788584,116.0,42.412,63.644,0.474763673193788,0.6819137749737119,0,0.3226215644820296,1.0
38,2,0.1,13.452,532.2040484848486,0.05858376270194452,0.7871919191919192,47.48463744367063,114.0,43.64,63.632,0.47391028800788676,0.6789908655937364,0,0.35804997951659157,1.0
39,2,0.1,14.236,531.9501090909091,0.0548479501979502,0.7793535353535354,44.77928483353884,114.0,44.22,65.18,0.47507219942240464,0.6864244741873805,0,0.33415536374845867,1.0
40,2,0.1,13.86,534.8873575757576,0.05996974704835668,0.8282828282828283,46.05466879489226,114.0,43.572,65.104,0.4741339844346101,0.6828358208955224,0,0.3383878691141261,1.0
41,2,0.1,14.212,531.5643797979799,0.054421719021719016,0.772969696969697,48.5638166047088,114.0,43.256,63.432,0.47330520803025894,0.6718472468916519,0,0.3651383725733168,1.0
42,2,0.1,13.812,533.995187878788,0.0589471049944312,0.8126464646464646,46.11690427698574,114.0,43.652,64.944,0.4742790899869584,0.6760691537761602,0,0.3437881873727088,1.0
43,2,0.1,13.796,532.242345263158,0.057174779998123655,0.7834105263157894,47.04015713662156,115.0,41.756,61.48,0.4741114673579371,0.6744980777445536,0,0.3618507202095155,1.0
44,2,0.1,14.524,531.6838828282829,0.05356100542357227,0.7767272727272727,46.47767308480131,115.0,44.74,65.072,0.4739851747264384,0.6805139186295504,0,0.3449405981155264,1.0
45,2,0.1,13.492,534.3017090909092,0.060840429435883976,0.8195151515151516,45.5470759021153,114.0,43.196,64.704,0.4752611723737667,0.6877256317689531,0,0.34135213604313563,1.0
46,2,0.1,15.052,533.0309836734694,0.05314165255845928,0.7989795918367347,45.75447154471545,115.0,43.536,64.468,0.47379896248402376,0.684856753069577,0,0.3304878048780488,1.0
47,2,0.1,14.364,530.9524727272727,0.052590367076641595,0.7541414141414141,45.13784564589352,114.0,43.692,64.712,0.47530048870690794,0.6840542832909245,0,0.33553446141147336,1.0
48,2,0.1,14.428,530.6334448979593,0.052592975681781215,0.7566530612244898,46.21910569105691,115.0,44.352,64.264,0.4738225794336363,0.6817558299039781,0,0.3434959349593496,1.0
49,2,0.1,14.384,531.0252888888889,0.05306954113424702,0.7615757575757575,45.70146750524109,114.0,44.068,64.448,0.4752657399836468,0.6867469879518072,0,0.34129979035639413,1.0
0,3,0.0,6.384,503.12114285714284,0.016060150375939847,0.3051428571428571,nan,nan,32.928,32.928,0.664,nan,0,nan,nan
1,3,0.0,6.048,503.2804848484849,0.01715824915824916,0.30884848484848487,nan,nan,33.264,33.264,0.664,nan,0,nan,nan
2,3,0.0,6.72,502.8426666666667,0.014933333333333333,0.2986666666666667,nan,nan,33.264,33.264,0.664,nan,0,nan,nan
3,3,0.0,6.048,502.82628571428575,0.01657142857142857,0.29828571428571427,nan,nan,32.928,32.928,0.664,nan,0,nan,nan
4,3,0.0,6.384,503.13454545454545,0.016076555023923442,0.3054545454545454,nan,nan,33.264,33.264,0.664,nan,0,nan,nan
5,3,0.0,6.384,502.6420000000001,0.015473684210526315,0.294,nan,nan,32.256,32.256,0.664,nan,0,nan,nan
6,3,0.0,7.056,503.2804848484849,0.014707070707070708,0.30884848484848487,nan,nan,33.264,33.264,0.664,nan,0,nan,nan
7,3,0.0,6.048,502.55078787878796,0.016215488215488214,0.29187878787878785,nan,nan,33.264,33.264,0.664,nan,0,nan,nan
8,3,0.0,7.392,502.25890909090907,0.012958677685950413,0.28509090909090906,nan,nan,33.264,33.264,0.664,nan,0,nan,nan
9,3,0.0,7.056,502.6967272727273,0.014060606060606058,0.29527272727272724,nan,nan,33.264,33.264,0.664,nan,0,nan,nan
10,3,0.0,7.392,503.42642424242433,0.014192837465564738,0.31224242424242427,nan,nan,33.264,33.264,0.664,nan,0,nan,nan
11,3,0.0,7.392,502.98860606060606,0.013730027548209364,0.3020606060606061,nan,nan,33.264,33.264,0.664,nan,0,nan,nan
12,3,0.0,6.384,502.84266666666673,0.015719298245614036,0.2986666666666667,nan,nan,33.264,33.264,0.664,nan,0,nan,nan
13,3,0.0,6.048,502.6967272727273,0.0164040404040404,0.29527272727272724,nan,nan,33.264,33.264,0.664,nan,0,nan,nan
14,3,0.0,6.048,502.98860606060606,0.016781144781144782,0.3020606060606061,nan,nan,33.264,33.264,0.664,nan,0,nan,nan
15,3,0.0,6.048,502.6967272727273,0.0164040404040404,0.29527272727272724,nan,nan,33.264,33.264,0.664,nan,0,nan,nan
16,3,0.0,6.72,503.3777777777778,0.015555555555555555,0.31111111111111106,nan,nan,27.216,27.216,0.664,nan,0,nan,nan
17,3,0.0,6.72,502.7925,0.014875,0.2975,nan,nan,32.256,32.256,0.664,nan,0,nan,nan
18,3,0.0,6.72,502.6967272727273,0.014763636363636362,0.29527272727272724,nan,nan,33.264,33.264,0.664,nan,0,nan,nan
19,3,0.0,6.384,502.98860606060606,0.015897926634768737,0.3020606060606061,nan,nan,33.264,33.264,0.664,nan,0,nan,nan
20,3,0.0,6.048,503.13454545454545,0.016969696969696968,0.3054545454545454,nan,nan,33.264,33.264,0.664,nan,0,nan,nan
21,3,0.0,6.048,503.42642424242433,0.01734680134680135,0.31224242424242427,nan,nan,33.264,33.264,0.664,nan,0,nan,nan
22,3,0.0,5.712,503.244,0.018117647058823533,0.308,nan,nan,32.256,32.256,0.664,nan,0,nan,nan
23,3,0.0,6.384,503.545,0.016578947368421054,0.315,nan,nan,32.256,32.256,0.664,nan,0,nan,nan
24,3,0.0,6.048,503.42642424242433,0.01734680134680135,0.31224242424242427,nan,nan,33.264,33.264,0.664,nan,0,nan,nan
25,3,0.0,6.048,502.82628571428575,0.01657142857142857,0.29828571428571427,nan,nan,32.928,32.928,0.664,nan,0,nan,nan
26,3,0.0,6.72,502.98860606060606,0.015103030303030302,0.3020606060606061,nan,nan,33.264,33.264,0.664,nan,0,nan,nan
27,3,0.0,6.384,502.6967272727273,0.01554066985645933,0.29527272727272724,nan,nan,33.264,33.264,0.664,nan,0,nan,nan
28,3,0.0,6.048,502.55078787878784,0.016215488215488214,0.29187878787878785,nan,nan,33.264,33.264,0.664,nan,0,nan,nan
29,3,0.0,6.048,503.13454545454545,0.016969696969696968,0.3054545454545454,nan,nan,33.264,33.264,0.664,nan,0,nan,nan
30,3,0.0,6.384,503.9768695652173,0.017107551487414187,0.3250434782608695,nan,nan,30.912,30.912,0.664,nan,0,nan,nan
31,3,0.0,5.712,503.13454545454545,0.017967914438502673,0.3054545454545454,nan,nan,33.264,33.264,0.664,nan,0,nan,nan
32,3,0.0,6.72,502.98860606060606,0.015103030303030302,0.3020606060606061,nan,nan,33.264,33.264,0.664,nan,0,nan,nan
33,3,0.0,6.384,503.42642424242433,0.016433811802232853,0.31224242424242427,nan,nan,33.264,33.264,0.664,nan,0,nan,nan
34,3,0.0,6.048,503.2804848484849,0.01715824915824916,0.30884848484848487,nan,nan,33.264,33.264,0.664,nan,0,nan,nan
35,3,0.0,8.064,501.67515151515147,0.011313131313131313,0.2715151515151515,nan,nan,33.264,33.264,0.664,nan,0,nan,nan
36,3,0.0,7.056,502.6420000000001,0.014,0.294,nan,nan,32.256,32.256,0.664,nan,0,nan,nan
37,3,0.0,7.056,503.3834105263158,0.014821052631578947,0.3112421052631579,nan,nan,31.92,31.92,0.664,nan,0,nan,nan
38,3,0.0,5.712,503.42642424242433,0.018367201426024955,0.31224242424242427,nan,nan,33.264,33.264,0.664,nan,0,nan,nan
39,3,0.0,6.384,502.8426666666667,0.015719298245614036,0.2986666666666667,nan,nan,33.264,33.264,0.664,nan,0,nan,nan
40,3,0.0,6.048,503.57236363636366,0.017535353535353536,0.3156363636363636,nan,nan,33.264,33.264,0.664,nan,0,nan,nan
41,3,0.0,6.384,503.13454545454545,0.016076555023923442,0.3054545454545454,nan,nan,33.264,33.264,0.664,nan,0,nan,nan
42,3,0.0,5.712,503.2804848484849,0.018167557932263812,0.30884848484848487,nan,nan,33.264,33.264,0.664,nan,0,nan,nan
43,3,0.0,6.72,503.0792421052632,0.015208421052631583,0.3041684210526316,nan,nan,31.92,31.92,0.664,nan,0,nan,nan
44,3,0.0,6.384,502.84266666666673,0.015719298245614036,0.2986666666666667,nan,nan,33.264,33.264,0.664,nan,0,nan,nan
45,3,0.0,5.712,503.57236363636366,0.0185668449197861,0.3156363636363636,nan,nan,33.264,33.264,0.664,nan,0,nan,nan
46,3,0.0,6.384,503.2685714285715,0.0162406015037594,0.3085714285714286,nan,nan,32.928,32.928,0.664,nan,0,nan,nan
47,3,0.0,6.384,502.11296969696974,0.014826156299840508,0.28169696969696967,nan,nan,33.264,33.264,0.664,nan,0,nan,nan
48,3,0.0,6.048,502.5314285714286,0.01619047619047619,0.2914285714285714,nan,nan,32.928,32.928,0.664,nan,0,nan,nan
49,3,0.0,6.048,502.55078787878796,0.016215488215488214,0.29187878787878785,nan,nan,33.264,33.264,0.664,nan,0,nan,nan
0,3,0.1,12.932,525.8740122448979,0.05027699756226167,0.6466938775510205,83.46729354047424,213.0,30.844,50.12,0.6299938061319293,0.4964714184897671,0,0.48650858544562553,1.0
1,3,0.1,12.564,529.1195878787879,0.05538980811556569,0.6960808080808081,78.43103448275862,213.0,31.08,52.456,0.6327726809378186,0.5137207425343019,0,0.4675697865353038,1.0
2,3,0.1,13.604,528.2951232323232,0.050179212607554854,0.6808484848484849,78.88602065131056,213.0,31.392,53.284,0.6310827007590891,0.5111517367458867,0,0.4614773629864972,1.0
3,3,0.1,12.34,525.4092734693878,0.05185664063827329,0.6392244897959184,80.36727879799666,212.0,31.464,51.024,0.6323073432655222,0.5106229744328412,0,0.4782971619365609,1.0
4,3,0.1,11.976,527.3187070707071,0.055715962825053734,0.6667070707070708,82.57582938388626,212.0,30.492,50.94,0.6297248261263986,0.5092653871608207,0,0.4873617693522907,1.0
5,3,0.1,13.076,527.0600708333334,0.050757543151293154,0.6636666666666667,79.54385245901639,213.0,31.08,51.564,0.6299758745476478,0.5053583389149364,0,0.4704918032786885,1.0
6,3,0.1,12.816,527.3662101010102,0.052240703348279106,0.6681212121212121,79.27953544253104,213.0,30.712,51.532,0.6315541601255887,0.5130434782608696,0,0.4633560272326792,1.0
7,3,0.1,11.548,525.2975717171718,0.054882525106767534,0.6326060606060606,80.48133279807307,211.0,30.984,50.828,0.6302710843373494,0.5121212121212121,0,0.4821356884785227,1.0
8,3,0.1,13.96,524.2033010101011,0.04438162135613116,0.6170505050505051,81.4684612294094,213.0,32.076,51.496,0.631057884231537,0.5086238532110092,0,0.484933708316593,1.0
9,3,0.1,12.872,525.3186424242423,0.04957336165517984,0.6363232323232323,79.74119028974158,213.0,31.72,50.864,0.630758652303461,0.5159738921332875,0,0.47846515270164447,1.0
10,3,0.1,13.408,528.9456000000001,0.052247319010955376,0.6958787878787879,81.52879581151832,214.0,31.388,52.108,0.6303683214441694,0.5063081009296149,0,0.482078131292791,1.0
11,3,0.1,14.16,526.3126505050506,0.04621648877247433,0.6533737373737374,78.18454763811049,214.0,31.76,52.036,0.6329737335834896,0.5203101920236337,0,0.45876701361088873,1.0
12,3,0.1,12.08,526.2658828282829,0.05403870596294839,0.6513131313131313,80.35626535626535,212.0,31.516,51.684,0.630325343752348,0.5032301938116287,0,0.47583947583947583,1.0
13,3,0.1,12.956,527.1425777777778,0.051137064961842144,0.6624646464646465,80.51628865979382,213.0,31.06,52.188,0.6310156425417259,0.5088265835929388,0,0.4812371134020619,1.0
14,3,0.1,12.272,524.7980525252526,0.05158130276009064,0.6322020202020202,76.97449832775919,212.0,32.284,51.164,0.6341535505800635,0.5156422524843578,0,0.46153846153846156,1.0
15,3,0.1,11.96,525.8144525252526,0.05422487860063618,0.6462222222222221,77.3404791929382,212.0,32.58,52.392,0.6332581122091666,0.5130237825594564,0,0.46027742749054223,1.0
16,3,0.1,12.376,527.6770172839507,0.05449908753797642,0.6727407407407408,79.46999031945789,212.0,25.06,42.364,0.6310698208983814,0.5132091814638372,0,0.4753146176185866,1.0
17,3,0.1,13.54,527.1130750000001,0.049241798999611494,0.6667083333333332,76.53555281545417,213.0,31.568,51.864,0.6313227163957422,0.5089319650323071,0,0.45129469790382243,1.0
18,3,0.1,13.556,525.795490909091,0.04744293040095179,0.643030303030303,77.53749493311715,213.0,31.66,51.86,0.632331462833423,0.5184239328712149,0,0.45642480745845154,1.0
19,3,0.1,13.516,526.2300848484848,0.048461030720121624,0.6536969696969698,78.12101653892698,212.0,32.18,52.404,0.6310797480840732,0.5072669266217653,0,0.45865268253327957,1.0
20,3,0.1,12.096,528.0464404040405,0.05628368954278045,0.6794747474747476,79.47931873479318,212.0,31.016,52.208,0.6309297190284018,0.512033484478549,0,0.467558799675588,1.0
21,3,0.1,12.268,528.5776040404041,0.05615885007248644,0.6864242424242424,81.71893244370308,213.0,30.34,51.392,0.6326931800998035,0.5126171593366979,0,0.4824854045037531,1.0
22,3,0.1,12.184,526.8567583333333,0.05432022977022977,0.662375,84.14344600164881,212.0,30.088,49.664,0.6293883182584701,0.5010155721056195,0,0.49381698268755153,1.0
23,3,0.1,13.412,529.4566916666666,0.05237652746558997,0.704,80.82370184254606,213.0,30.216,51.288,0.6315485996705107,0.5088122605363985,0,0.47822445561139026,1.0
24,3,0.1,12.216,527.1781737373738,0.054552308970490786,0.6663030303030303,80.80015372790162,212.0,30.432,51.072,0.6308470290771175,0.5165260196905767,0,0.48078401229823214,1.0
25,3,0.1,12.848,525.6889673469387,0.050003540337213805,0.6428163265306123,81.22727272727273,212.0,31.488,51.172,0.629603620474407,0.5095432856169052,0,0.48431214802896216,1.0
26,3,0.1,14.064,525.0518707070706,0.044957884965104215,0.6332121212121212,83.85357873210634,213.0,31.476,51.124,0.6304771178188899,0.5007473841554559,0,0.49693251533742333,1.0
27,3,0.1,12.176,527.9724686868688,0.055645151145151145,0.6766868686868686,78.61856505877584,212.0,31.596,53.332,0.6301574803149607,0.5067857142857143,0,0.4665585731657884,1.0
28,3,0.1,12.364,525.486206060606,0.051421841458205095,0.6351515151515152,80.03339960238569,212.0,30.864,51.096,0.630457933972311,0.5052557813594954,0,0.47713717693836977,1.0
29,3,0.1,13.02,526.5194464646466,0.05072773522773522,0.6604444444444445,78.81454248366013,212.0,32.752,52.852,0.6308676529388245,0.5089253187613844,0,0.47181372549019607,1.0
30,3,0.1,11.34,527.2809043478261,0.05963087468087468,0.6741304347826087,80.42276422764228,212.0,28.86,46.94,0.6316358024691358,0.5136200716845878,0,0.46512623020967053,1.0
31,3,0.1,11.728,526.4609656565657,0.05596398147307238,0.6557575757575758,77.94940353763883,212.0,31.656,51.628,0.6326623278341154,0.5175879396984925,0,0.47634718222953515,1.0
32,3,0.1,13.156,526.177995959596,0.04953051443505989,0.651030303030303,77.42083842083842,213.0,31.88,52.104,0.6332540154669839,0.5153461812990721,0,0.4574684574684575,1.0
33,3,0.1,13.484,529.2888606060606,0.0520658447612993,0.7021010101010101,79.34572946465059,213.0,31.7,53.72,0.6310756972111554,0.5044444444444445,0,0.4646505925623212,1.0
34,3,0.1,12.488,527.1970747474749,0.053383464347100715,0.6663434343434343,83.14015001973944,212.0,30.74,51.436,0.6295175797219951,0.5028880866425993,0,0.4926964074220292,1.0
35,3,0.1,15.712,522.6667232323232,0.037642665257450886,0.5880808080808081,81.86935483870968,215.0,32.424,51.592,0.6302168137801011,0.503293297171639,0,0.47419354838709676,1.0
36,3,0.1,13.28,524.0223541666668,0.046348207919531446,0.6135833333333333,84.10526315789474,213.0,29.808,48.388,0.6310228233305156,0.5045841519318927,0,0.5024671052631579,1.0
37,3,0.1,13.804,529.2499157894738,0.05097066121357143,0.7019368421052631,79.37758985200846,214.0,30.576,50.98,0.6315603463509454,0.5131578947368421,0,0.4604651162790698,1.0
38,3,0.1,11.756,525.8072323232324,0.0551853013428771,0.6485656565656566,83.07988529291273,212.0,31.404,50.42,0.6312688710508874,0.5094145840465594,0,0.49774682507169193,1.0
39,3,0.1,12.492,525.8382464646464,0.05184064336337064,0.6461818181818182,78.20468557336622,212.0,32.032,52.072,0.6326546842691267,0.5119581464872944,0,0.4615700780928894,1.0
40,3,0.1,12.184,528.5785090909093,0.05692375587375588,0.6901818181818182,79.69233838786911,212.0,31.044,51.76,0.6308220819685229,0.5096963044273692,0,0.46887470071827614,1.0
41,3,0.1,12.292,525.3055595959597,0.051706546820183184,0.636,86.30731102850062,212.0,30.56,49.904,0.6301599390708301,0.5045296167247387,0,0.5146633622470054,1.0
42,3,0.1,12.212,527.6850383838384,0.05556634700877124,0.6777373737373736,81.9071283095723,212.0,31.872,51.988,0.6313315134971186,0.5035561877667141,0,0.4769857433808554,1.0
43,3,0.1,11.884,526.4669052631581,0.05540634505845032,0.6549473684210527,83.26233085988652,212.0,29.884,49.06,0.6307626331212922,0.5018278497839814,0,0.48974247053688347,1.0
44,3,0.1,12.588,525.5755151515151,0.05111949074230714,0.642989898989899,81.05325686194183,213.0,32.288,51.76,0.6304653399422949,0.511565538048944,0,0.47972142564522735,1.0
45,3,0.1,11.88,527.7399393939395,0.057072864957713444,0.6785050505050505,82.78515138946496,212.0,31.164,51.536,0.631042870173305,0.5063291139240507,0,0.49813355454168395,1.0
46,3,0.1,13.068,526.5706530612246,0.050407813015316015,0.6592244897959183,81.89674796747967,213.0,31.404,51.308,0.6296764009471192,0.5021201413427562,0,0.4796747967479675,1.0
47,3,0.1,12.84,525.6011191919192,0.04968947281674555,0.6375353535353536,78.7205943045811,212.0,31.936,52.18,0.6326050884955752,0.5118577075098815,0,0.46595130004127117,1.0
48,3,0.1,12.716,524.4593836734695,0.0491857015433546,0.6227346938775511,83.6719512195122,212.0,31.868,50.84,0.6296881168574813,0.5026455026455027,0,0.5020325203252033,1.0
49,3,0.1,12.636,525.2958181818183,0.05038566349475441,0.6356767676767676,81.8909853249476,212.0,31.788,51.432,0.631781838949172,0.5063502673796791,0,0.4859538784067086,1.0
0,4,0.0,4.788,499.84085714285715,0.012045112781954886,0.2288571428571428,nan,nan,24.696,24.696,0.748,nan,0,nan,nan
1,4,0.0,4.536,499.96036363636364,0.01286868686868687,0.2316363636363636,nan,nan,24.948,24.948,0.748,nan,0,nan,nan
2,4,0.0,5.04,499.632,0.0112,0.22400000000000006,nan,nan,24.948,24.948,0.748,nan,0,nan,nan
3,4,0.0,4.536,499.61971428571434,0.012428571428571428,0.22371428571428573,nan,nan,24.696,24.696,0.748,nan,0,nan,nan
4,4,0.0,4.788,499.85090909090917,0.012057416267942586,0.22909090909090907,nan,nan,24.948,24.948,0.748,nan,0,nan,nan
5,4,0.0,4.788,499.4815000000001,0.011605263157894733,0.2205,nan,nan,24.192,24.192,0.748,nan,0,nan,nan
6,4,0.0,5.292,499.96036363636364,0.011030303030303033,0.2316363636363636,nan,nan,24.948,24.948,0.748,nan,0,nan,nan
7,4,0.0,4.536,499.413090909091,0.012161616161616163,0.2189090909090909,nan,nan,24.948,24.948,0.748,nan,0,nan,nan
8,4,0.0,5.544,499.19418181818185,0.009719008264462807,0.2138181818181818,nan,nan,24.948,24.948,0.748,nan,0,nan,nan
9,4,0.0,5.292,499.52254545454554,0.010545454545454544,0.22145454545454543,nan,nan,24.948,24.948,0.748,nan,0,nan,nan
10,4,0.0,5.544,500.0698181818182,0.010644628099173556,0.23418181818181816,nan,nan,24.948,24.948,0.748,nan,0,nan,nan
11,4,0.0,5.544,499.7414545454546,0.010297520661157022,0.22654545454545455,nan,nan,24.948,24.948,0.748,nan,0,nan,nan
12,4,0.0,4.788,499.6320000000001,0.011789473684210525,0.22400000000000006,nan,nan,24.948,24.948,0.748,nan,0,nan,nan
13,4,0.0,4.536,499.52254545454554,0.012303030303030305,0.22145454545454543,nan,nan,24.948,24.948,0.748,nan,0,nan,nan
14,4,0.0,4.536,499.7414545454546,0.012585858585858587,0.22654545454545455,nan,nan,24.948,24.948,0.748,nan,0,nan,nan
15,4,0.0,4.536,499.52254545454554,0.012303030303030305,0.22145454545454543,nan,nan,24.948,24.948,0.748,nan,0,nan,nan
16,4,0.0,5.04,500.03333333333336,0.011666666666666664,0.23333333333333328,nan,nan,20.412,20.412,0.748,nan,0,nan,nan
17,4,0.0,5.04,499.5943750000001,0.01115625,0.223125,nan,nan,24.192,24.192,0.748,nan,0,nan,nan
18,4,0.0,5.04,499.52254545454554,0.011072727272727272,0.22145454545454543,nan,nan,24.948,24.948,0.748,nan,0,nan,nan
19,4,0.0,4.788,499.7414545454546,0.011923444976076556,0.22654545454545455,nan,nan,24.948,24.948,0.748,nan,0,nan,nan
20,4,0.0,4.536,499.85090909090917,0.012727272727272726,0.22909090909090907,nan,nan,24.948,24.948,0.748,nan,0,nan,nan
21,4,0.0,4.536,500.0698181818182,0.013010101010101008,0.23418181818181816,nan,nan,24.948,24.948,0.748,nan,0,nan,nan
22,4,0.0,4.284,499.9330000000001,0.013588235294117653,0.23099999999999998,nan,nan,24.192,24.192,0.748,nan,0,nan,nan
23,4,0.0,4.788,500.15875,0.012434210526315789,0.23625,nan,nan,24.192,24.192,0.748,nan,0,nan,nan
24,4,0.0,4.536,500.0698181818182,0.013010101010101008,0.23418181818181816,nan,nan,24.948,24.948,0.748,nan,0,nan,nan
25,4,0.0,4.536,499.61971428571434,0.012428571428571428,0.22371428571428573,nan,nan,24.696,24.696,0.748,nan,0,nan,nan
26,4,0.0,5.04,499.7414545454546,0.011327272727272727,0.22654545454545455,nan,nan,24.948,24.948,0.748,nan,0,nan,nan
27,4,0.0,4.788,499.52254545454554,0.011655502392344495,0.22145454545454543,nan,nan,24.948,24.948,0.748,nan,0,nan,nan
28,4,0.0,4.536,499.41309090909095,0.012161616161616163,0.2189090909090909,nan,nan,24.948,24.948,0.748,nan,0,nan,nan
29,4,0.0,4.536,499.85090909090917,0.012727272727272726,0.22909090909090907,nan,nan,24.948,24.948,0.748,nan,0,nan,nan
30,4,0.0,4.788,500.48265217391304,0.012830663615560636,0.24378260869565216,nan,nan,23.184,23.184,0.748,nan,0,nan,nan
31,4,0.0,4.284,499.85090909090917,0.013475935828877007,0.22909090909090907,nan,nan,24.948,24.948,0.748,nan,0,nan,nan
32,4,0.0,5.04,499.7414545454546,0.011327272727272727,0.22654545454545455,nan,nan,24.948,24.948,0.748,nan,0,nan,nan
33,4,0.0,4.788,500.0698181818182,0.012325358851674644,0.23418181818181816,nan,nan,24.948,24.948,0.748,nan,0,nan,nan
34,4,0.0,4.536,499.96036363636364,0.01286868686868687,0.2316363636363636,nan,nan,24.948,24.948,0.748,nan,0,nan,nan
35,4,0.0,6.048,498.75636363636363,0.008484848484848486,0.20363636363636362,nan,nan,24.948,24.948,0.748,nan,0,nan,nan
36,4,0.0,5.292,499.4815000000001,0.0105,0.2205,nan,nan,24.192,24.192,0.748,nan,0,nan,nan
37,4,0.0,5.292,500.0375578947369,0.011115789473684209,0.2334315789473684,nan,nan,23.94,23.94,0.748,nan,0,nan,nan
38,4,0.0,4.284,500.0698181818182,0.013775401069518715,0.23418181818181816,nan,nan,24.948,24.948,0.748,nan,0,nan,nan
39,4,0.0,4.788,499.632,0.011789473684210525,0.22400000000000006,nan,nan,24.948,24.948,0.748,nan,0,nan,nan
40,4,0.0,4.536,500.1792727272727,0.013151515151515152,0.23672727272727276,nan,nan,24.948,24.948,0.748,nan,0,nan,nan
41,4,0.0,4.788,499.85090909090917,0.012057416267942586,0.22909090909090907,nan,nan,24.948,24.948,0.748,nan,0,nan,nan
42,4,0.0,4.284,499.96036363636364,0.013625668449197856,0.2316363636363636,nan,nan,24.948,24.948,0.748,nan,0,nan,nan
43,4,0.0,5.04,499.8094315789474,0.011406315789473688,0.2281263157894737,nan,nan,23.94,23.94,0.748,nan,0,nan,nan
44,4,0.0,4.788,499.6320000000001,0.011789473684210525,0.22400000000000006,nan,nan,24.948,24.948,0.748,nan,0,nan,nan
45,4,0.0,4.284,500.1792727272727,0.013925133689839574,0.23672727272727276,nan,nan,24.948,24.948,0.748,nan,0,nan,nan
46,4,0.0,4.788,499.95142857142866,0.012180451127819548,0.23142857142857148,nan,nan,24.696,24.696,0.748,nan,0,nan,nan
47,4,0.0,4.788,499.08472727272743,0.01111961722488038,0.2112727272727273,nan,nan,24.948,24.948,0.748,nan,0,nan,nan
48,4,0.0,4.536,499.3985714285715,0.012142857142857143,0.21857142857142856,nan,nan,24.696,24.696,0.748,nan,0,nan,nan
49,4,0.0,4.536,499.413090909091,0.012161616161616163,0.2189090909090909,nan,nan,24.948,24.948,0.748,nan,0,nan,nan
0,4,0.1,11.744,521.9054571428571,0.048161646969810235,0.5644489795918368,117.5960752248569,311.0,24.3,42.584,0.7114675220529271,0.4088414634146341,0,0.5588716271463614,1.0
1,4,0.1,11.724,525.1870747474749,0.052694965920723494,0.6163636363636363,114.07142857142857,312.0,24.964,45.184,0.7107247405304711,0.40577762848505206,0,0.5406403940886699,1.0
2,4,0.1,12.304,524.3069858585859,0.04871689186234641,0.5993131313131312,114.57069102462272,312.0,24.952,45.724,0.7083403115056105,0.4023579201934704,0,0.5329626687847498,1.0
3,4,0.1,11.288,521.4217061224491,0.04926399552828124,0.5568163265306123,119.39816360601002,310.25,25.02,43.516,0.709501187648456,0.39762611275964393,0,0.5601001669449082,1.0
4,4,0.1,11.076,523.6116646464646,0.053105559199498595,0.588969696969697,119.3977093206951,311.0,23.996,43.616,0.7072900158478606,0.4090909090909091,0,0.5774091627172195,1.0
5,4,0.1,12.076,523.5714666666667,0.048820622895622896,0.5899583333333334,111.06762295081967,311.0,24.872,44.64,0.708846848261245,0.40729136998006266,0,0.5311475409836065,1.0
6,4,0.1,11.776,523.65258989899,0.05019195938741393,0.5894545454545455,117.4124949939928,311.0,24.088,44.152,0.7099105016832252,0.40861186389641674,0,0.5614737685222266,1.0
7,4,0.1,10.788,521.876294949495,0.05193121670697428,0.5596363636363636,118.22561220393416,310.0,24.368,43.516,0.7078332280480101,0.4063022866703848,0,0.5652348454435969,1.0
8,4,0.1,12.672,520.4194464646465,0.0426487817556445,0.5386262626262626,116.50180795500201,311.0,25.388,43.8,0.7099650058323612,0.40763546798029554,0,0.5552430695058256,1.0
9,4,0.1,11.752,521.2269090909092,0.047314738568843086,0.5526060606060605,119.07478465152701,311.0,24.88,42.904,0.7080899415859806,0.41021981159006565,0,0.5708692247454973,1.0
10,4,0.1,12.184,525.4497535353536,0.05127343408555529,0.621171717171717,114.4418042690294,312.0,24.848,44.944,0.7099149711509262,0.40721073225265514,0,0.5396697543294402,1.0
11,4,0.1,12.752,522.4669575757576,0.04509141730719271,0.5743434343434343,114.28742994395516,312.0,25.632,44.768,0.7101947308132875,0.4063453325198292,0,0.5356285028022418,1.0
12,4,0.1,11.028,522.647595959596,0.05232462615947465,0.5755959595959595,112.70270270270271,310.0,25.172,44.476,0.7107276702061212,0.4169087739686229,0,0.5348075348075348,1.0
13,4,0.1,11.992,523.4735959595961,0.048940043794589244,0.5867878787878787,116.2420618556701,311.0,24.888,45.06,0.7097604743699774,0.4080978735799592,0,0.5562886597938145,1.0
14,4,0.1,11.176,521.5524040404041,0.05006829175314024,0.5608080808080809,114.49038461538461,310.0,25.588,44.108,0.7123224212476837,0.40479078229229837,0,0.5438963210702341,1.0
15,4,0.1,10.976,522.0125535353536,0.05168683516259274,0.5667070707070707,113.23875577973939,310.0,25.944,44.844,0.710386965376782,0.40310077519379844,0,0.548129466162253,1.0
16,4,0.1,11.316,523.9170913580248,0.05243363974845456,0.5939753086419753,113.87947725072604,311.0,19.796,36.408,0.7090127038111433,0.4122775154377043,0,0.5508228460793805,1.0
17,4,0.1,12.404,523.1418125,0.04707852864727864,0.5849583333333332,113.40978216193999,311.0,25.332,44.592,0.7084487534626038,0.40275171982489055,0,0.5421290587751747,1.0
18,4,0.1,12.432,522.5976888888889,0.046208755217846134,0.5741010101010101,116.2480745845156,311.0,25.312,44.976,0.7090349740932642,0.4005297233666863,0,0.5456019456830158,1.0
19,4,0.1,12.28,522.2725050505051,0.046570711891924015,0.5709494949494949,112.70229931423961,311.0,25.464,44.74,0.7105908407814601,0.40869824247840336,0,0.536103267446551,1.0
20,4,0.1,11.08,524.1640888888888,0.054115823794611675,0.5999595959595958,116.51987023519871,311.0,24.856,44.992,0.7098519815374821,0.4097262667443215,0,0.5470397404703974,1.0
21,4,0.1,11.396,525.0010545454547,0.05370657636415212,0.6119191919191919,117.81192660550458,311.0,24.276,44.488,0.7109954251459221,0.40517760385310053,0,0.5542118432026689,1.0
22,4,0.1,11.372,523.3612208333334,0.051771583509083514,0.5887916666666667,116.47774113767518,311.0,24.104,42.972,0.7097570688968539,0.4110304789550073,0,0.5507007419620775,1.0
23,4,0.1,12.3,525.4801208333333,0.050376420917045917,0.6219583333333333,113.94137353433835,312.0,24.144,44.212,0.7093043328154669,0.4077117572692794,0,0.5448073701842546,1.0
24,4,0.1,11.152,523.032787878788,0.05212369572066542,0.5823434343434343,121.22328977709454,310.0,24.368,43.78,0.7051175195865977,0.39263278126784695,0,0.5684089162182936,1.0
25,4,0.1,11.988,521.8519306122449,0.04685197784075335,0.5630612244897959,117.9368463395012,311.0,25.028,43.768,0.7076533942558747,0.40870062965083,0,0.5671761866452132,1.0
26,4,0.1,13.26,521.3377898989899,0.04183200368984683,0.5544242424242424,117.14642126789366,312.0,24.912,43.732,0.709368376430691,0.402808112324493,0,0.5521472392638037,1.0
27,4,0.1,11.348,524.1283555555556,0.05267057925239743,0.5981010101010101,113.47709768950142,310.0,25.404,46.036,0.7090834360871352,0.4062968515742129,0,0.5439805431698419,1.0
28,4,0.1,11.388,521.710585858586,0.048889166949773015,0.556969696969697,118.63141153081511,311.0,24.396,43.668,0.7080904081143679,0.39954009772923255,0,0.5578528827037773,1.0
29,4,0.1,12.096,522.6440404040405,0.04775435069980524,0.5793131313131313,115.47222222222223,311.0,26.164,45.356,0.708497609260968,0.4007209372183839,0,0.5469771241830066,1.0
30,4,0.1,10.384,523.3288521739131,0.05701207270989879,0.5913913043478262,120.8155755241763,310.0,22.896,40.152,0.7072218607677293,0.3931673422119282,0,0.5626872058194267,1.0
31,4,0.1,10.776,522.7758747474747,0.05360929149413998,0.5781010101010101,116.12998765939942,310.0,25.088,44.236,0.7098667512690355,0.4050707547169811,0,0.5594405594405595,1.0
32,4,0.1,12.144,522.5604727272728,0.04712394093000154,0.5738989898989898,111.91168091168092,311.0,25.192,44.708,0.7118604651162791,0.41432835820895525,0,0.5364265364265364,1.0
33,4,0.1,12.644,525.9267555555557,0.04984033245093851,0.6304242424242423,110.96281160604822,311.0,25.748,47.124,0.7104365904365905,0.409922480620155,0,0.5251328156926849,1.0
34,4,0.1,11.632,523.4795111111112,0.05062730490609279,0.5886060606060605,116.2767469403869,311.0,24.516,44.336,0.7085962817670135,0.40623091020158825,0,0.5530990919857875,1.0
35,4,0.1,14.196,519.3355474747475,0.03662883534151477,0.5177373737373737,119.05766129032259,312.0,25.728,44.136,0.708595011663377,0.4020618556701031,0,0.5580645161290323,1.0
36,4,0.1,12.012,520.6176375000001,0.04510876808376808,0.5415,118.82154605263158,311.0,23.672,41.54,0.7105031538800058,0.4059734513274336,0,0.5649671052631579,1.0
37,4,0.1,12.52,524.7826442105263,0.04880760017760018,0.6116210526315788,112.57463002114164,312.0,24.184,43.304,0.710349276564372,0.41048637461193516,0,0.5285412262156448,1.0
38,4,0.1,10.8,522.2378505050505,0.05292981306011609,0.570949494949495,113.76607947562475,311.0,24.508,42.988,0.71181512090603,0.418997668997669,0,0.5501843506759525,1.0
39,4,0.1,11.5,521.5288525252525,0.048590814236268785,0.5583838383838383,117.71557747636662,310.0,25.372,44.104,0.7087265135699373,0.3966412213740458,0,0.5606247431154953,1.0
40,4,0.1,11.116,524.4221737373739,0.0545836363412121,0.605010101010101,118.55466879489227,311.0,24.528,44.128,0.7085699966588707,0.39993898718730936,0,0.5706304868316041,1.0
41,4,0.1,11.252,521.5628323232324,0.049448662448662445,0.5570101010101011,121.68401486988847,311.0,23.944,42.476,0.7095746375657161,0.4036564132327336,0,0.5753820735233375,1.0
42,4,0.1,11.228,524.1550343434344,0.05364014369468915,0.6021818181818183,119.77678207739308,311.0,25.188,44.704,0.7089913498928656,0.39805825242718446,0,0.5718940936863544,1.0
43,4,0.1,10.808,523.0356042105263,0.05405082344556028,0.5810105263157895,117.39327804452205,311.0,23.556,42.164,0.7103417400388001,0.4049471928849361,0,0.5390659100829333,1.0
44,4,0.1,11.448,521.7818868686869,0.04919071747556596,0.5631111111111111,116.34002458009013,311.0,25.444,44.064,0.7095627993202533,0.4127743387732133,0,0.5546907005325686,1.0
45,4,0.1,11.02,524.3228363636364,0.05482739594860807,0.6042828282828283,118.58772293654086,311.0,24.708,44.564,0.7087254745573457,0.40467937608318894,0,0.5678141849854832,1.0
46,4,0.1,11.872,522.9383224489796,0.04901027430619267,0.5820816326530612,118.55934959349594,311.0,24.968,44.14,0.7075370232481178,0.4037503662467038,0,0.558130081300813,1.0
47,4,0.1,11.784,522.2918060606062,0.04822785295512568,0.5677575757575758,113.71234007428808,311.0,25.584,45.088,0.7110310021629416,0.40633608815426997,0,0.5315724308708213,1.0
48,4,0.1,11.488,520.5835551020409,0.047313395674620166,0.542530612244898,117.27479674796749,311.0,25.136,43.076,0.7086666116929167,0.40438778535428405,0,0.5601626016260163,1.0
49,4,0.1,11.68,521.6226222222223,0.04782446890931739,0.5593131313131313,116.67840670859539,310.0,25.448,44.14,0.7106848092795003,0.4074908476485497,0,0.5454926624737946,1.0
0,5,0.0,3.8,497.81020408163266,0.009559613319011817,0.1816326530612245,nan,nan,19.6,19.6,0.8,nan,0,nan,nan
1,5,0.0,3.6,497.9050505050505,0.01021324354657688,0.18383838383838383,nan,nan,19.8,19.8,0.8,nan,0,nan,nan
2,5,0.0,4.0,497.64444444444445,0.008888888888888889,0.17777777777777778,nan,nan,19.8,19.8,0.8,nan,0,nan,nan
3,5,0.0,3.6,497.63469387755106,0.009863945578231292,0.17755102040816328,nan,nan,19.6,19.6,0.8,nan,0,nan,nan
4,5,0.0,3.8,497.81818181818187,0.00956937799043062,0.18181818181818182,nan,nan,19.8,19.8,0.8,nan,0,nan,nan
5,5,0.0,3.8,497.5250000000001,0.009210526315789473,0.175,nan,nan,19.2,19.2,0.8,nan,0,nan,nan
6,5,0.0,4.2,497.9050505050505,0.008754208754208754,0.18383838383838383,nan,nan,19.8,19.8,0.8,nan,0,nan,nan
7,5,0.0,3.6,497.47070707070714,0.009652076318742984,0.17373737373737375,nan,nan,19.8,19.8,0.8,nan,0,nan,nan
8,5,0.0,4.4,497.2969696969697,0.007713498622589531,0.16969696969696968,nan,nan,19.8,19.8,0.8,nan,0,nan,nan
9,5,0.0,4.2,497.5575757575758,0.008369408369408369,0.17575757575757575,nan,nan,19.8,19.8,0.8,nan,0,nan,nan
10,5,0.0,4.4,497.9919191919193,0.008448117539026629,0.18585858585858586,nan,nan,19.8,19.8,0.8,nan,0,nan,nan
11,5,0.0,4.4,497.7313131313132,0.008172635445362718,0.17979797979797982,nan,nan,19.8,19.8,0.8,nan,0,nan,nan
12,5,0.0,3.8,497.64444444444456,0.00935672514619883,0.17777777777777778,nan,nan,19.8,19.8,0.8,nan,0,nan,nan
13,5,0.0,3.6,497.5575757575758,0.009764309764309765,0.17575757575757575,nan,nan,19.8,19.8,0.8,nan,0,nan,nan
14,5,0.0,3.6,497.7313131313132,0.009988776655443324,0.17979797979797982,nan,nan,19.8,19.8,0.8,nan,0,nan,nan
15,5,0.0,3.6,497.5575757575758,0.009764309764309765,0.17575757575757575,nan,nan,19.8,19.8,0.8,nan,0,nan,nan
16,5,0.0,4.0,497.96296296296305,0.009259259259259259,0.18518518518518517,nan,nan,16.2,16.2,0.8,nan,0,nan,nan
17,5,0.0,4.0,497.61458333333337,0.008854166666666668,0.17708333333333331,nan,nan,19.2,19.2,0.8,nan,0,nan,nan
18,5,0.0,4.0,497.5575757575758,0.008787878787878787,0.17575757575757575,nan,nan,19.8,19.8,0.8,nan,0,nan,nan
19,5,0.0,3.8,497.7313131313132,0.009463051568314725,0.17979797979797982,nan,nan,19.8,19.8,0.8,nan,0,nan,nan
20,5,0.0,3.6,497.81818181818187,0.0101010101010101,0.18181818181818182,nan,nan,19.8,19.8,0.8,nan,0,nan,nan
21,5,0.0,3.6,497.9919191919193,0.010325476992143659,0.18585858585858586,nan,nan,19.8,19.8,0.8,nan,0,nan,nan
22,5,0.0,3.4,497.8833333333334,0.010784313725490198,0.18333333333333332,nan,nan,19.2,19.2,0.8,nan,0,nan,nan
23,5,0.0,3.8,498.0625,0.009868421052631578,0.1875,nan,nan,19.2,19.2,0.8,nan,0,nan,nan
24,5,0.0,3.6,497.9919191919193,0.010325476992143659,0.18585858585858586,nan,nan,19.8,19.8,0.8,nan,0,nan,nan
25,5,0.0,3.6,497.63469387755106,0.009863945578231292,0.17755102040816328,nan,nan,19.6,19.6,0.8,nan,0,nan,nan
26,5,0.0,4.0,497.7313131313132,0.008989898989898989,0.17979797979797982,nan,nan,19.8,19.8,0.8,nan,0,nan,nan
27,5,0.0,3.8,497.5575757575758,0.009250398724082934,0.17575757575757575,nan,nan,19.8,19.8,0.8,nan,0,nan,nan
28,5,0.0,3.6,497.4707070707071,0.009652076318742984,0.17373737373737375,nan,nan,19.8,19.8,0.8,nan,0,nan,nan
29,5,0.0,3.6,497.81818181818187,0.0101010101010101,0.18181818181818182,nan,nan,19.8,19.8,0.8,nan,0,nan,nan
30,5,0.0,3.8,498.31956521739136,0.010183066361556066,0.19347826086956518,nan,nan,18.4,18.4,0.8,nan,0,nan,nan
31,5,0.0,3.4,497.81818181818187,0.0106951871657754,0.18181818181818182,nan,nan,19.8,19.8,0.8,nan,0,nan,nan
32,5,0.0,4.0,497.7313131313132,0.008989898989898989,0.17979797979797982,nan,nan,19.8,19.8,0.8,nan,0,nan,nan
33,5,0.0,3.8,497.9919191919193,0.009782030834662414,0.18585858585858586,nan,nan,19.8,19.8,0.8,nan,0,nan,nan
34,5,0.0,3.6,497.9050505050505,0.01021324354657688,0.18383838383838383,nan,nan,19.8,19.8,0.8,nan,0,nan,nan
35,5,0.0,4.8,496.949494949495,0.006734006734006734,0.1616161616161616,nan,nan,19.8,19.8,0.8,nan,0,nan,nan
36,5,0.0,4.2,497.5250000000001,0.008333333333333331,0.175,nan,nan,19.2,19.2,0.8,nan,0,nan,nan
37,5,0.0,4.2,497.9663157894737,0.008822055137844613,0.18526315789473682,nan,nan,19.0,19.0,0.8,nan,0,nan,nan
38,5,0.0,3.4,497.9919191919193,0.01093285799168152,0.18585858585858586,nan,nan,19.8,19.8,0.8,nan,0,nan,nan
39,5,0.0,3.8,497.64444444444445,0.00935672514619883,0.17777777777777778,nan,nan,19.8,19.8,0.8,nan,0,nan,nan
40,5,0.0,3.6,498.0787878787879,0.010437710437710438,0.18787878787878787,nan,nan,19.8,19.8,0.8,nan,0,nan,nan
41,5,0.0,3.8,497.81818181818187,0.00956937799043062,0.18181818181818182,nan,nan,19.8,19.8,0.8,nan,0,nan,nan
42,5,0.0,3.4,497.9050505050505,0.010814022578728462,0.18383838383838383,nan,nan,19.8,19.8,0.8,nan,0,nan,nan
43,5,0.0,4.0,497.78526315789475,0.00905263157894737,0.18105263157894738,nan,nan,19.0,19.0,0.8,nan,0,nan,nan
44,5,0.0,3.8,497.64444444444456,0.00935672514619883,0.17777777777777778,nan,nan,19.8,19.8,0.8,nan,0,nan,nan
45,5,0.0,3.4,498.0787878787879,0.01105169340463458,0.18787878787878787,nan,nan,19.8,19.8,0.8,nan,0,nan,nan
46,5,0.0,3.8,497.8979591836735,0.00966702470461869,0.1836734693877551,nan,nan,19.6,19.6,0.8,nan,0,nan,nan
47,5,0.0,3.8,497.2101010101011,0.00882509303561935,0.16767676767676767,nan,nan,19.8,19.8,0.8,nan,0,nan,nan
48,5,0.0,3.6,497.4591836734694,0.009637188208616781,0.17346938775510204,nan,nan,19.6,19.6,0.8,nan,0,nan,nan
49,5,0.0,3.6,497.47070707070714,0.009652076318742984,0.17373737373737375,nan,nan,19.8,19.8,0.8,nan,0,nan,nan
0,5,0.1,11.076,519.2947836734694,0.04622929689358261,0.5118775510204082,155.71300081766148,410.0,20.452,37.94,0.7555518027526809,0.33043255694906576,0,0.6099754701553557,1.0
1,5,0.1,10.984,522.7553575757577,0.05145649815952846,0.5654949494949494,149.442118226601,411.0,20.684,40.32,0.7558650341153379,0.3323007603491974,0,0.5779967159277504,1.0
2,5,0.1,11.592,521.7831313131313,0.04732088809058506,0.5484848484848485,148.37847498014298,410.0,21.124,41.08,0.7557205240174673,0.3389473684210526,0,0.5841938046068308,1.0
3,5,0.1,10.624,518.6047673469388,0.04714323216466074,0.5004081632653061,154.17737896494157,409.0,21.02,38.596,0.7569622345260723,0.33239292126186204,0,0.6080968280467446,1.0
4,5,0.1,10.484,520.4799272727273,0.05017477191719615,0.5293737373737374,163.1236176935229,410.0,20.348,38.692,0.7517535070140281,0.32756200280767434,0,0.6248025276461295,1.0
5,5,0.1,11.468,520.8483000000001,0.04657837937525437,0.5355833333333333,149.60081967213114,410.0,21.032,39.904,0.7546345884485458,0.3335764648674933,0,0.5725409836065574,1.0
6,5,0.1,10.924,521.2369090909092,0.049383791853488825,0.5394747474747473,153.4321185422507,410.0,20.216,39.684,0.75652248541023,0.33965696465696466,0,0.6015218261914297,1.0
7,5,0.1,10.06,518.8481373737374,0.0497652335319002,0.5007272727272728,161.42312324367722,409.0,20.2,38.16,0.7532952001989555,0.329830427513733,0,0.6330790847049378,1.0
8,5,0.1,11.804,517.6922666666667,0.04115471223501527,0.4837979797979798,152.3342707914825,410.0,21.244,38.764,0.7565262791507136,0.33475252794039384,0,0.6030534351145038,1.0
9,5,0.1,10.876,518.1631555555556,0.045571372197486276,0.4925656565656566,159.42599843382928,410.0,20.684,37.584,0.7529897254505643,0.3291323315559864,0,0.6209866875489428,1.0
10,5,0.1,11.296,522.437793939394,0.049814604039915986,0.5618989898989898,152.20982682239227,411.0,20.76,39.84,0.7558998808104886,0.336374549819928,0,0.5859846959323399,1.0
11,5,0.1,11.716,519.4374828282829,0.04366809576506546,0.5145050505050506,150.48478783026422,410.0,21.336,39.38,0.7565744535519126,0.3365892291446674,0,0.6064851881505204,1.0
12,5,0.1,10.38,519.8261171717172,0.05003069590342317,0.5189494949494949,155.2084357084357,409.0,20.968,39.36,0.7554204993429697,0.33456062837506134,0,0.6060606060606061,1.0
13,5,0.1,11.36,520.5954303030304,0.04666918065099884,0.5299797979797979,150.1443298969072,410.0,20.928,40.028,0.7580853816300129,0.3433797011849562,0,0.5925773195876288,1.0
14,5,0.1,10.544,518.8475393939394,0.0478368060671091,0.5056565656565656,151.88628762541805,409.0,21.384,39.088,0.7578478964401294,0.3347043701799486,0,0.5999163879598662,1.0
15,5,0.1,10.396,519.7276080808082,0.04997414157111127,0.5186666666666666,149.01975620008406,409.0,21.756,40.16,0.7568513617348246,0.33562186427251123,0,0.5964691046658259,1.0
16,5,0.1,10.66,520.9921185185185,0.050140427610797976,0.5357037037037037,153.35624394966118,410.0,16.484,32.316,0.7539272535582499,0.3356814701378254,0,0.5977734753146177,1.0
17,5,0.1,11.716,520.5462458333334,0.04511313281625782,0.5322916666666666,142.03123715577476,410.0,21.34,39.832,0.7565647482014388,0.33774104683195594,0,0.5614467735306207,1.0
18,5,0.1,11.736,519.9170060606061,0.04428389724753361,0.519959595959596,144.15241183623834,410.0,21.184,40.02,0.7585286512636583,0.346450412124435,0,0.5755978921767329,1.0
19,5,0.1,11.436,519.3577777777778,0.044725023125023126,0.5128080808080808,147.68939088342074,410.0,21.348,39.62,0.7570602807597028,0.3398457583547558,0,0.5768455022186365,1.0
20,5,0.1,10.448,521.3643434343435,0.051766951006344944,0.5441212121212122,154.79886455798865,410.0,20.784,40.02,0.7545735527524852,0.3308513278729213,0,0.6062449310624494,1.0
21,5,0.1,10.68,522.0857292929294,0.051821908955242295,0.5548686868686868,159.24603836530443,411.0,20.496,39.688,0.7553005737091544,0.3249433677321923,0,0.6167639699749792,1.0
22,5,0.1,10.692,520.3851333333334,0.04953788121600621,0.5301666666666668,150.64880461665294,410.0,20.26,38.1,0.756570765276511,0.34450368113734453,0,0.5927452596867271,1.0
23,5,0.1,11.632,522.1486750000001,0.04767519806582307,0.5567083333333334,150.82328308207704,411.0,19.98,38.9,0.7566522833513125,0.3400441257584115,0,0.5954773869346733,1.0
24,5,0.1,10.456,520.2523676767678,0.05010405184041548,0.5259797979797979,157.38086087624905,409.9499999999998,20.296,38.852,0.7538033556463531,0.3352514385789342,0,0.6183704842428901,1.0
25,5,0.1,11.152,518.8989020408164,0.045152331681923515,0.5047755102040817,152.72767497988738,410.0,20.996,38.624,0.753652909510382,0.33555720286632074,0,0.6013676588897828,1.0
26,5,0.1,12.432,518.5203515151516,0.04005644187462369,0.49830303030303036,154.44826175869122,410.0,20.984,38.852,0.7560846092574565,0.33207241286138883,0,0.6049079754601226,1.0
27,5,0.1,10.776,521.1775393939395,0.050046038024825906,0.5403232323232323,154.83988650182408,409.0,21.468,40.976,0.7534839435644421,0.3263237902204206,0,0.6019456830158086,1.0
28,5,0.1,10.736,519.0940606060607,0.04692712046651441,0.503959595959596,153.71769383697813,409.0,20.264,38.752,0.7554614170612177,0.33350164099974755,0,0.6083499005964215,1.0
29,5,0.1,11.32,520.2505575757576,0.04643141695565938,0.5274343434343434,154.3517156862745,410.0,21.488,40.308,0.7528070020334188,0.3274942878903275,0,0.5988562091503268,1.0
30,5,0.1,9.66,520.589295652174,0.055471676391241606,0.5368260869565218,158.10654685494222,409.0,19.444,35.916,0.753949379989808,0.3241951710261569,0,0.621737270004279,1.0
31,5,0.1,10.184,520.3564727272728,0.05185752945146884,0.5284040404040404,154.72974084738792,410.0,21.124,39.608,0.755195344970906,0.33299748110831234,0,0.6125051419169066,1.0
32,5,0.1,11.4,519.6997575757576,0.04518157958764019,0.5170505050505051,151.9051689051689,410.0,21.152,39.688,0.7572090000812282,0.33206397562833206,0,0.5982905982905983,1.0
33,5,0.1,11.932,522.9036121212123,0.047785665961423536,0.571030303030303,147.1802206783817,410.0,21.916,42.164,0.7569582935923004,0.3379069141781006,0,0.5827543931344503,1.0
34,5,0.1,10.832,520.4949737373738,0.04880715121018152,0.528969696969697,153.8243189893407,410.0,20.256,39.136,0.754516186728671,0.3355159769512834,0,0.6083695223055665,1.0
35,5,0.1,12.984,516.5872040404041,0.03575959502010257,0.4636363636363636,150.49798387096774,410.0,21.588,38.896,0.7556717393333956,0.3342752189884148,0,0.5959677419354839,1.0
36,5,0.1,11.324,518.3983708333334,0.04364114612239612,0.495,157.3347039473684,410.0,19.9,37.224,0.7556993222427604,0.33286451007969997,0,0.6048519736842105,1.0
37,5,0.1,11.788,521.7496505263159,0.04667816382447961,0.5515789473684211,150.64059196617336,411.0,20.152,38.296,0.7558263224059568,0.3329422117923145,0,0.6076109936575053,1.0
38,5,0.1,10.152,519.038395959596,0.05007588169406351,0.5084848484848485,156.1544448996313,409.0,20.408,37.732,0.7570318134465903,0.337229544889331,0,0.6128635804997952,1.0
39,5,0.1,10.752,518.6887959595961,0.04687219929341141,0.5026666666666666,152.02178380600083,409.0,21.524,39.184,0.7580003459609064,0.33731019522776573,0,0.6115906288532675,1.0
40,5,0.1,10.416,521.5145454545456,0.05258715246594035,0.5475959595959596,154.85913806863527,410.0,20.62,39.244,0.7549053959355291,0.33072509128847155,0,0.5977653631284916,1.0
41,5,0.1,10.58,519.0687878787879,0.04767533319654532,0.5062626262626263,163.77612556794713,410.0,20.084,37.88,0.7540187541862022,0.3286489151873767,0,0.6278397356464271,1.0
42,5,0.1,10.524,521.3146020202021,0.0517132806587352,0.5452929292929294,152.7409368635438,410.0,21.068,39.7,0.7574383911645924,0.3351435221101629,0,0.5914460285132382,1.0
43,5,0.1,10.24,520.5666273684211,0.05184678082151766,0.5313263157894738,153.49978175469226,410.0,20.04,37.888,0.7568807339449541,0.33373610439826,0,0.5949367088607594,1.0
44,5,0.1,10.7,518.9137777777778,0.04736493271038726,0.5066262626262626,155.6526013928718,410.0,21.508,39.092,0.7558420628525383,0.34009779951100244,0,0.6087668988119623,1.0
45,5,0.1,10.396,521.477793939394,0.05253309003005972,0.5478787878787879,156.90294483616756,410.0,20.892,39.788,0.7557607520173031,0.3340035184719779,0,0.6105350476980506,1.0
46,5,0.1,11.052,520.0210693877552,0.04733700279312524,0.5241224489795918,157.09837398373983,410.0,20.976,39.152,0.7533651758575771,0.3312421580928482,0,0.6065040650406504,1.0
47,5,0.1,11.164,519.9895070707072,0.04662507077658593,0.5203636363636364,147.43541064795707,409.0,21.516,40.376,0.7583902695397552,0.33723989476201865,0,0.5872884853487412,1.0
48,5,0.1,10.544,518.0608081632654,0.04672926110171008,0.49138775510204086,155.4821138211382,410.0,20.932,38.044,0.7542921231990337,0.3302634944998721,0,0.6142276422764228,1.0
49,5,0.1,11.1,519.0380808080808,0.04555646048676352,0.5063434343434344,154.53920335429768,409.0,21.152,39.14,0.7572173371722045,0.3379127500602555,0,0.6025157232704402,1.0
0,6,0.0,3.192,496.5605714285715,0.008030075187969924,0.15257142857142855,nan,nan,16.464,16.464,0.832,nan,0,nan,nan
1,6,0.0,3.024,496.6402424242425,0.00857912457912458,0.15442424242424244,nan,nan,16.632,16.632,0.832,nan,0,nan,nan
2,6,0.0,3.36,496.4213333333334,0.007466666666666667,0.14933333333333335,nan,nan,16.632,16.632,0.832,nan,0,nan,nan
3,6,0.0,3.024,496.4131428571428,0.008285714285714285,0.14914285714285713,nan,nan,16.464,16.464,0.832,nan,0,nan,nan
4,6,0.0,3.192,496.56727272727284,0.008038277511961721,0.1527272727272727,nan,nan,16.632,16.632,0.832,nan,0,nan,nan
5,6,0.0,3.192,496.3210000000001,0.007736842105263157,0.147,nan,nan,16.128,16.128,0.832,nan,0,nan,nan
6,6,0.0,3.528,496.6402424242425,0.007353535353535354,0.15442424242424244,nan,nan,16.632,16.632,0.832,nan,0,nan,nan
7,6,0.0,3.024,496.275393939394,0.008107744107744107,0.14593939393939392,nan,nan,16.632,16.632,0.832,nan,0,nan,nan
8,6,0.0,3.696,496.12945454545456,0.006479338842975206,0.14254545454545453,nan,nan,16.632,16.632,0.832,nan,0,nan,nan
9,6,0.0,3.528,496.3483636363637,0.00703030303030303,0.14763636363636362,nan,nan,16.632,16.632,0.832,nan,0,nan,nan
10,6,0.0,3.696,496.71321212121217,0.007096418732782369,0.15612121212121213,nan,nan,16.632,16.632,0.832,nan,0,nan,nan
11,6,0.0,3.696,496.4943030303031,0.006865013774104683,0.15103030303030304,nan,nan,16.632,16.632,0.832,nan,0,nan,nan
12,6,0.0,3.192,496.4213333333334,0.007859649122807018,0.14933333333333335,nan,nan,16.632,16.632,0.832,nan,0,nan,nan
13,6,0.0,3.024,496.34836363636373,0.0082020202020202,0.14763636363636362,nan,nan,16.632,16.632,0.832,nan,0,nan,nan
14,6,0.0,3.024,496.4943030303031,0.008390572390572391,0.15103030303030304,nan,nan,16.632,16.632,0.832,nan,0,nan,nan
15,6,0.0,3.024,496.3483636363637,0.0082020202020202,0.14763636363636362,nan,nan,16.632,16.632,0.832,nan,0,nan,nan
16,6,0.0,3.36,496.688888888889,0.0077777777777777776,0.15555555555555553,nan,nan,13.608,13.608,0.832,nan,0,nan,nan
17,6,0.0,3.36,496.39625000000007,0.0074375,0.14875,nan,nan,16.128,16.128,0.832,nan,0,nan,nan
18,6,0.0,3.36,496.3483636363637,0.007381818181818181,0.14763636363636362,nan,nan,16.632,16.632,0.832,nan,0,nan,nan
19,6,0.0,3.192,496.4943030303031,0.007948963317384369,0.15103030303030304,nan,nan,16.632,16.632,0.832,nan,0,nan,nan
20,6,0.0,3.024,496.56727272727284,0.008484848484848484,0.1527272727272727,nan,nan,16.632,16.632,0.832,nan,0,nan,nan
21,6,0.0,3.024,496.71321212121217,0.008673400673400675,0.15612121212121213,nan,nan,16.632,16.632,0.832,nan,0,nan,nan
22,6,0.0,2.856,496.62200000000007,0.009058823529411767,0.154,nan,nan,16.128,16.128,0.832,nan,0,nan,nan
23,6,0.0,3.192,496.7725,0.008289473684210527,0.1575,nan,nan,16.128,16.128,0.832,nan,0,nan,nan
24,6,0.0,3.024,496.71321212121217,0.008673400673400675,0.15612121212121213,nan,nan,16.632,16.632,0.832,nan,0,nan,nan
25,6,0.0,3.024,496.4131428571428,0.008285714285714285,0.14914285714285713,nan,nan,16.464,16.464,0.832,nan,0,nan,nan
26,6,0.0,3.36,496.4943030303031,0.007551515151515151,0.15103030303030304,nan,nan,16.632,16.632,0.832,nan,0,nan,nan
27,6,0.0,3.192,496.3483636363637,0.007770334928229665,0.14763636363636362,nan,nan,16.632,16.632,0.832,nan,0,nan,nan
28,6,0.0,3.024,496.275393939394,0.008107744107744107,0.14593939393939392,nan,nan,16.632,16.632,0.832,nan,0,nan,nan
29,6,0.0,3.024,496.56727272727284,0.008484848484848484,0.1527272727272727,nan,nan,16.632,16.632,0.832,nan,0,nan,nan
30,6,0.0,3.192,496.98843478260875,0.008553775743707094,0.16252173913043474,nan,nan,15.456,15.456,0.832,nan,0,nan,nan
31,6,0.0,2.856,496.56727272727284,0.008983957219251337,0.1527272727272727,nan,nan,16.632,16.632,0.832,nan,0,nan,nan
32,6,0.0,3.36,496.4943030303031,0.007551515151515151,0.15103030303030304,nan,nan,16.632,16.632,0.832,nan,0,nan,nan
33,6,0.0,3.192,496.71321212121217,0.008216905901116426,0.15612121212121213,nan,nan,16.632,16.632,0.832,nan,0,nan,nan
34,6,0.0,3.024,496.6402424242425,0.00857912457912458,0.15442424242424244,nan,nan,16.632,16.632,0.832,nan,0,nan,nan
35,6,0.0,4.032,495.8375757575758,0.0056565656565656566,0.13575757575757574,nan,nan,16.632,16.632,0.832,nan,0,nan,nan
36,6,0.0,3.528,496.3210000000001,0.007,0.147,nan,nan,16.128,16.128,0.832,nan,0,nan,nan
37,6,0.0,3.528,496.691705263158,0.007410526315789473,0.15562105263157894,nan,nan,15.96,15.96,0.832,nan,0,nan,nan
38,6,0.0,2.856,496.71321212121217,0.009183600713012477,0.15612121212121213,nan,nan,16.632,16.632,0.832,nan,0,nan,nan
39,6,0.0,3.192,496.4213333333334,0.007859649122807018,0.14933333333333335,nan,nan,16.632,16.632,0.832,nan,0,nan,nan
40,6,0.0,3.024,496.78618181818183,0.008767676767676768,0.1578181818181818,nan,nan,16.632,16.632,0.832,nan,0,nan,nan
41,6,0.0,3.192,496.56727272727284,0.008038277511961721,0.1527272727272727,nan,nan,16.632,16.632,0.832,nan,0,nan,nan
42,6,0.0,2.856,496.6402424242425,0.009083778966131906,0.15442424242424244,nan,nan,16.632,16.632,0.832,nan,0,nan,nan
43,6,0.0,3.36,496.5396210526316,0.0076042105263157906,0.1520842105263158,nan,nan,15.96,15.96,0.832,nan,0,nan,nan
44,6,0.0,3.192,496.4213333333334,0.007859649122807018,0.14933333333333335,nan,nan,16.632,16.632,0.832,nan,0,nan,nan
45,6,0.0,2.856,496.78618181818183,0.00928342245989305,0.1578181818181818,nan,nan,16.632,16.632,0.832,nan,0,nan,nan
46,6,0.0,3.192,496.63428571428574,0.0081203007518797,0.1542857142857143,nan,nan,16.464,16.464,0.832,nan,0,nan,nan
47,6,0.0,3.192,496.05648484848484,0.007413078149920254,0.14084848484848483,nan,nan,16.632,16.632,0.832,nan,0,nan,nan
48,6,0.0,3.024,496.2657142857143,0.008095238095238095,0.1457142857142857,nan,nan,16.464,16.464,0.832,nan,0,nan,nan
49,6,0.0,3.024,496.275393939394,0.008107744107744107,0.14593939393939392,nan,nan,16.632,16.632,0.832,nan,0,nan,nan
0,6,0.1,10.26,517.1095632653062,0.04539232955253364,0.46934693877551026,198.7874080130826,509.0,17.644,34.312,0.7869300643795749,0.27680798004987534,0,0.6557645134914145,1.0
1,6,0.1,10.504,520.2490585858586,0.0493528802286378,0.518020202020202,188.54064039408868,509.0,17.84,36.448,0.7889704462043655,0.28824435318275154,0,0.646551724137931,1.0
2,6,0.1,10.944,519.7762343434343,0.046202530914652123,0.5086060606060606,190.0544082605242,510.0,18.152,37.44,0.7861923535344274,0.2811420676951416,0,0.6393963463065926,1.0
3,6,0.1,10.016,516.439236734694,0.04572745825602968,0.4588163265306123,193.64398998330552,508.0,18.376,35.052,0.7885045603166408,0.27683873915029694,0,0.6469115191986644,1.0
4,6,0.1,9.828,518.7250101010102,0.05004403654706685,0.4925656565656566,197.17219589257505,509.0,17.248,35.208,0.7849835269637593,0.2813825275657337,0,0.6725908372827805,1.0
5,6,0.1,11.0,518.8182791666667,0.044828212759462756,0.4954583333333334,190.9143442622951,509.0,18.18,36.36,0.7848605577689243,0.27954931972789115,0,0.6270491803278688,1.0
6,6,0.1,10.496,518.5340525252526,0.04646433420675845,0.4893737373737374,188.90788946736083,509.0,17.548,35.66,0.7883380884450785,0.2908496732026144,0,0.6371645975170204,1.0
7,6,0.1,9.496,516.4878545454546,0.047708870814931414,0.45636363636363636,195.7511039743075,508.0,17.584,34.496,0.7852146126608516,0.2815242988653393,0,0.65114411882778,1.0
8,6,0.1,11.028,515.6706626262627,0.04016681416226871,0.4446060606060606,190.6713539574126,509.0,18.488,35.156,0.7882224843480627,0.2868290375975408,0,0.6412213740458015,1.0
9,6,0.1,10.196,516.1602141414143,0.043681551781551774,0.4524040404040404,195.44009397024277,510.0,17.604,33.856,0.7850599013389711,0.2820567986230637,0,0.6613155833985904,1.0
10,6,0.1,10.884,520.6453212121213,0.04844176508115902,0.5254141414141414,183.01490132903746,510.0,17.952,36.556,0.787821043910522,0.289957264957265,0,0.6129681836488119,1.0
11,6,0.1,11.168,517.748690909091,0.042608244393092874,0.47862626262626257,189.70456365092073,510.0,18.26,35.968,0.7872283096820549,0.2835547411818598,0,0.6353082465972778,1.0
12,6,0.1,10.028,517.3316808080809,0.047079694323633715,0.4713131313131313,192.68222768222768,508.0,18.06,35.376,0.7867981140162881,0.28396946564885495,0,0.6425061425061425,1.0
13,6,0.1,10.704,518.7975030303031,0.04581752927207472,0.49397979797979796,185.11422680412372,510.0,18.232,36.736,0.789553752535497,0.29357175192394747,0,0.6325773195876289,1.0
14,6,0.1,9.896,515.9014505050505,0.0452003153972851,0.44981818181818184,190.80183946488293,508.0,18.116,34.52,0.7892388009430785,0.2800640146319159,0,0.6488294314381271,1.0
15,6,0.1,9.88,517.0582181818182,0.04730992632507784,0.46852525252525257,187.44808743169398,509.0,18.844,36.008,0.7891566265060241,0.28038936372269707,0,0.6464901218999579,1.0
16,6,0.1,9.944,517.9176395061728,0.047662752199789236,0.48009876543209873,196.95353339787027,509.0,14.32,28.832,0.7856829161176987,0.2786930258099945,0,0.6423039690222653,1.0
17,6,0.1,11.032,517.6121541666668,0.042665107057294566,0.47658333333333336,185.22318125770653,509.0,18.144,35.404,0.7868217054263565,0.28068072866730587,0,0.6214549938347719,1.0
18,6,0.1,10.916,517.1255555555556,0.042719225891953164,0.4675151515151515,191.16497770571544,508.0,18.168,35.708,0.7885339168490153,0.2839306358381503,0,0.6501824077827321,1.0
19,6,0.1,10.804,517.6255757575758,0.04399935541450693,0.47797979797979806,187.14804356595403,509.0,18.704,36.392,0.7882871210158072,0.2819353380058784,0,0.6296893908834207,1.0
20,6,0.1,9.992,519.3787676767678,0.05022579250155008,0.5048080808080808,191.4594484995945,509.0,18.152,36.684,0.7870676168955327,0.28304405874499333,0,0.6366585563665855,1.0
21,6,0.1,10.192,520.1171393939394,0.050515308485005454,0.5158383838383839,194.48915763135946,510.0,17.756,36.324,0.7889853080161526,0.2834212336620041,0,0.640533778148457,1.0
22,6,0.1,10.132,518.26405,0.048011907768157766,0.4887083333333333,190.33718054410554,509.0,17.644,34.732,0.7879050424536476,0.28847016599371916,0,0.6343775762572135,1.0
23,6,0.1,11.188,520.8319666666666,0.04693645093332593,0.5282083333333333,187.73073701842546,510.0,17.564,36.308,0.7866503252569058,0.28433502293024376,0,0.6252093802345059,1.0
24,6,0.1,9.924,517.5745454545456,0.04768411229623351,0.47559595959595957,202.36164488854726,509.0,17.492,34.884,0.7834825507034533,0.27602108036890644,0,0.6648731744811683,1.0
25,6,0.1,10.536,516.9133632653062,0.044010190036720645,0.46473469387755095,194.09131134352373,509.0,17.952,35.04,0.7833378414931025,0.279244473062889,0,0.6504424778761062,1.0
26,6,0.1,11.552,516.2609373737374,0.039118434483586,0.4547474747474748,193.90061349693252,509.0,18.208,35.12,0.7861728854564064,0.2758053138960734,0,0.6515337423312884,1.0
27,6,0.1,10.152,518.9419313131314,0.048753710262801175,0.49830303030303025,184.72355087150385,508.0,18.952,37.472,0.7880676758682101,0.2796252927400468,0,0.6218078638021889,1.0
28,6,0.1,10.172,516.7866303030304,0.044772456051243935,0.4604040404040404,195.65487077534792,509.0,17.552,34.972,0.7866156122182578,0.27877578176979373,0,0.6612326043737574,1.0
29,6,0.1,10.6,517.1376484848485,0.04391942748609415,0.47026262626262627,189.5906862745098,509.0,18.568,35.816,0.7865035156606702,0.2814608048383345,0,0.6401143790849673,1.0
30,6,0.1,9.208,518.3011043478261,0.052762207478511826,0.4894347826086956,191.9216944801027,509.0,16.152,32.08,0.7875264270613108,0.28240109140518416,0,0.6401369276850664,1.0
31,6,0.1,9.684,517.6078747474747,0.04908129928432959,0.4772525252525252,193.14726450020567,509.0,18.356,35.584,0.7879993083174823,0.28101037437979254,0,0.6569313039901276,1.0
32,6,0.1,10.864,517.6416202020202,0.043764887301250936,0.47705050505050506,188.66788766788767,509.0,18.492,36.208,0.788929388827668,0.28205704019761957,0,0.6349206349206349,1.0
33,6,0.1,11.38,520.3746141414142,0.045820488826549426,0.5225454545454545,183.06416019615855,510.0,18.888,38.1,0.7885259252556329,0.28625863300785903,0,0.6228034327748263,1.0
34,6,0.1,10.484,518.1560888888889,0.046040538698114454,0.4848080808080808,193.26056060007895,509.0,17.748,35.58,0.7843081849863427,0.2799452429842574,0,0.6466640347414133,1.0
35,6,0.1,12.16,514.6372686868688,0.03499759926480069,0.4252525252525252,186.00040322580645,509.0,18.684,35.188,0.78888243269417,0.290519877675841,0,0.6298387096774194,1.0
36,6,0.1,10.8,516.80555,0.04273340317090318,0.461625,195.0016447368421,509.0,17.048,34.0,0.7874072879716221,0.2843582335947173,0,0.6361019736842105,1.0
37,6,0.1,11.136,519.746105263158,0.04574029479292638,0.5119578947368421,185.88752642706132,510.0,17.456,34.952,0.78685540950455,0.2810880829015544,0,0.6236786469344608,1.0
38,6,0.1,9.528,517.0080848484849,0.048596969696969694,0.46727272727272723,198.8017206063089,509.0,17.348,34.016,0.7870440569454974,0.27867790019442645,0,0.6632527652601393,1.0
39,6,0.1,10.2,517.0979838383838,0.045702087474814745,0.468,186.53760789149197,508.0,18.224,35.668,0.7887004625011336,0.2846317783566185,0,0.6284422523633374,1.0
40,6,0.1,10.104,519.5490464646465,0.050245302284696224,0.5072323232323233,187.19433359936153,509.0,17.48,35.604,0.789020744632666,0.29327950605556874,0,0.6213088587390263,1.0
41,6,0.1,9.88,516.7677818181819,0.04667063015547864,0.46266666666666667,199.9347377116894,509.0,17.512,34.304,0.7860999825814318,0.2786631252766711,0,0.6596447748864106,1.0
42,6,0.1,10.0,519.110698989899,0.050006327679054954,0.5012929292929293,192.9951120162933,509.0,17.944,35.84,0.7888850653819683,0.2806215722120658,0,0.6407331975560081,1.0
43,6,0.1,9.668,518.1969136842106,0.05010292853345485,0.4855578947368421,193.9620253164557,509.0,17.2,34.204,0.7877973281199088,0.2804826418289585,0,0.6298559580969009,1.0
44,6,0.1,10.16,517.2095353535353,0.04629148427330246,0.47119191919191916,189.66366243342893,509.0,18.532,35.716,0.786342123056119,0.2827763496143959,0,0.6366243342892257,1.0
45,6,0.1,9.964,519.2937575757576,0.05038731616307374,0.5048888888888888,194.24885939444215,509.0,18.044,36.208,0.7865070348684785,0.28066710555189817,0,0.6449605972625466,1.0
46,6,0.1,10.672,518.1262326530613,0.045253036419362944,0.48538775510204085,191.49308943089432,510.0,18.1,35.776,0.7867773067556598,0.28597326082030367,0,0.6434959349593496,1.0
47,6,0.1,10.66,517.7401696969697,0.04470522048097805,0.4773333333333333,186.58027238959966,509.0,18.756,36.652,0.7895067053564426,0.2821646662455254,0,0.6165910028889806,1.0
48,6,0.1,10.024,515.8985387755101,0.044824475297944685,0.4493061224489796,192.28577235772357,509.0,18.152,34.456,0.7856948845631507,0.2783389450056117,0,0.6459349593495934,1.0
49,6,0.1,10.54,516.9427070707071,0.04405507365810397,0.4658585858585858,195.85492662473794,509.0,18.492,35.612,0.7875499714448886,0.2831541218637993,0,0.6557651991614256,1.0
0,8,0.0,2.432,494.99853061224496,0.006118152524167561,0.11624489795918365,nan,nan,12.544,12.544,0.872,nan,0,nan,nan
1,8,0.0,2.304,495.0592323232323,0.006536475869809204,0.11765656565656565,nan,nan,12.672,12.672,0.872,nan,0,nan,nan
2,8,0.0,2.56,494.8924444444445,0.005688888888888888,0.1137777777777778,nan,nan,12.672,12.672,0.872,nan,0,nan,nan
3,8,0.0,2.304,494.8862040816327,0.006312925170068027,0.11363265306122448,nan,nan,12.544,12.544,0.872,nan,0,nan,nan
4,8,0.0,2.432,495.0036363636365,0.006124401913875599,0.11636363636363635,nan,nan,12.672,12.672,0.872,nan,0,nan,nan
5,8,0.0,2.432,494.81600000000014,0.005894736842105262,0.112,nan,nan,12.288,12.288,0.872,nan,0,nan,nan
6,8,0.0,2.688,495.0592323232323,0.005602693602693604,0.11765656565656565,nan,nan,12.672,12.672,0.872,nan,0,nan,nan
7,8,0.0,2.304,494.7812525252526,0.006177328843995511,0.11119191919191919,nan,nan,12.672,12.672,0.872,nan,0,nan,nan
8,8,0.0,2.816,494.67006060606064,0.004936639118457299,0.1086060606060606,nan,nan,12.672,12.672,0.872,nan,0,nan,nan
9,8,0.0,2.688,494.83684848484853,0.005356421356421356,0.11248484848484848,nan,nan,12.672,12.672,0.872,nan,0,nan,nan
10,8,0.0,2.816,495.11482828282834,0.005406795224977044,0.11894949494949493,nan,nan,12.672,12.672,0.872,nan,0,nan,nan
11,8,0.0,2.816,494.94804040404046,0.00523048668503214,0.11507070707070707,nan,nan,12.672,12.672,0.872,nan,0,nan,nan
12,8,0.0,2.432,494.8924444444445,0.005988304093567251,0.1137777777777778,nan,nan,12.672,12.672,0.872,nan,0,nan,nan
13,8,0.0,2.304,494.83684848484853,0.00624915824915825,0.11248484848484848,nan,nan,12.672,12.672,0.872,nan,0,nan,nan
14,8,0.0,2.304,494.94804040404046,0.006392817059483727,0.11507070707070707,nan,nan,12.672,12.672,0.872,nan,0,nan,nan
15,8,0.0,2.304,494.83684848484853,0.00624915824915825,0.11248484848484848,nan,nan,12.672,12.672,0.872,nan,0,nan,nan
16,8,0.0,2.56,495.0962962962964,0.005925925925925925,0.11851851851851851,nan,nan,10.368,10.368,0.872,nan,0,nan,nan
17,8,0.0,2.56,494.87333333333345,0.005666666666666666,0.11333333333333334,nan,nan,12.288,12.288,0.872,nan,0,nan,nan
18,8,0.0,2.56,494.83684848484853,0.005624242424242424,0.11248484848484848,nan,nan,12.672,12.672,0.872,nan,0,nan,nan
19,8,0.0,2.432,494.94804040404046,0.0060563530037214255,0.11507070707070707,nan,nan,12.672,12.672,0.872,nan,0,nan,nan
20,8,0.0,2.304,495.0036363636365,0.006464646464646465,0.11636363636363635,nan,nan,12.672,12.672,0.872,nan,0,nan,nan
21,8,0.0,2.304,495.11482828282834,0.006608305274971941,0.11894949494949493,nan,nan,12.672,12.672,0.872,nan,0,nan,nan
22,8,0.0,2.176,495.0453333333334,0.006901960784313727,0.11733333333333332,nan,nan,12.288,12.288,0.872,nan,0,nan,nan
23,8,0.0,2.432,495.16,0.00631578947368421,0.12,nan,nan,12.288,12.288,0.872,nan,0,nan,nan
24,8,0.0,2.304,495.11482828282834,0.006608305274971941,0.11894949494949493,nan,nan,12.672,12.672,0.872,nan,0,nan,nan
25,8,0.0,2.304,494.8862040816327,0.006312925170068027,0.11363265306122448,nan,nan,12.544,12.544,0.872,nan,0,nan,nan
26,8,0.0,2.56,494.94804040404046,0.005753535353535354,0.11507070707070707,nan,nan,12.672,12.672,0.872,nan,0,nan,nan
27,8,0.0,2.432,494.83684848484853,0.005920255183413077,0.11248484848484848,nan,nan,12.672,12.672,0.872,nan,0,nan,nan
28,8,0.0,2.304,494.7812525252525,0.006177328843995511,0.11119191919191919,nan,nan,12.672,12.672,0.872,nan,0,nan,nan
29,8,0.0,2.304,495.0036363636365,0.006464646464646465,0.11636363636363635,nan,nan,12.672,12.672,0.872,nan,0,nan,nan
30,8,0.0,2.432,495.3245217391305,0.00651716247139588,0.12382608695652174,nan,nan,11.776,11.776,0.872,nan,0,nan,nan
31,8,0.0,2.176,495.0036363636365,0.006844919786096256,0.11636363636363635,nan,nan,12.672,12.672,0.872,nan,0,nan,nan
32,8,0.0,2.56,494.94804040404046,0.005753535353535354,0.11507070707070707,nan,nan,12.672,12.672,0.872,nan,0,nan,nan
33,8,0.0,2.432,495.11482828282834,0.0062604997341839455,0.11894949494949493,nan,nan,12.672,12.672,0.872,nan,0,nan,nan
34,8,0.0,2.304,495.0592323232323,0.006536475869809204,0.11765656565656565,nan,nan,12.672,12.672,0.872,nan,0,nan,nan
35,8,0.0,3.072,494.44767676767685,0.00430976430976431,0.10343434343434343,nan,nan,12.672,12.672,0.872,nan,0,nan,nan
36,8,0.0,2.688,494.81600000000014,0.005333333333333332,0.112,nan,nan,12.288,12.288,0.872,nan,0,nan,nan
37,8,0.0,2.688,495.09844210526325,0.005646115288220552,0.11856842105263157,nan,nan,12.16,12.16,0.872,nan,0,nan,nan
38,8,0.0,2.176,495.11482828282834,0.006997029114676173,0.11894949494949493,nan,nan,12.672,12.672,0.872,nan,0,nan,nan
39,8,0.0,2.432,494.8924444444445,0.005988304093567251,0.1137777777777778,nan,nan,12.672,12.672,0.872,nan,0,nan,nan
40,8,0.0,2.304,495.17042424242425,0.00668013468013468,0.12024242424242425,nan,nan,12.672,12.672,0.872,nan,0,nan,nan
41,8,0.0,2.432,495.0036363636365,0.006124401913875599,0.11636363636363635,nan,nan,12.672,12.672,0.872,nan,0,nan,nan
42,8,0.0,2.176,495.0592323232323,0.006920974450386213,0.11765656565656565,nan,nan,12.672,12.672,0.872,nan,0,nan,nan
43,8,0.0,2.56,494.98256842105263,0.005793684210526317,0.11587368421052631,nan,nan,12.16,12.16,0.872,nan,0,nan,nan
44,8,0.0,2.432,494.8924444444445,0.005988304093567251,0.1137777777777778,nan,nan,12.672,12.672,0.872,nan,0,nan,nan
45,8,0.0,2.176,495.17042424242425,0.007073083778966131,0.12024242424242425,nan,nan,12.672,12.672,0.872,nan,0,nan,nan
46,8,0.0,2.432,495.05469387755113,0.006186895810955961,0.11755102040816329,nan,nan,12.544,12.544,0.872,nan,0,nan,nan
47,8,0.0,2.432,494.6144646464647,0.005648059542796384,0.10731313131313132,nan,nan,12.672,12.672,0.872,nan,0,nan,nan
48,8,0.0,2.304,494.77387755102046,0.006167800453514738,0.1110204081632653,nan,nan,12.544,12.544,0.872,nan,0,nan,nan
49,8,0.0,2.304,494.7812525252526,0.006177328843995511,0.11119191919191919,nan,nan,12.672,12.672,0.872,nan,0,nan,nan
0,8,0.1,9.192,514.0412693877552,0.043215445382282114,0.4103673469387755,274.1181520850368,708.0,13.98,29.4,0.8259499713576475,0.21341925701288855,0,0.697056418642682,1.0
1,8,0.1,9.556,516.8713414141415,0.046973048836685204,0.4544242424242424,268.6958128078818,709.0,14.156,31.32,0.8219974171330177,0.208955223880597,0,0.6880131362889984,1.0
2,8,0.1,10.108,515.7658101010102,0.04167938498090013,0.43547474747474746,268.72239872915014,708.1500000000001,14.232,31.408,0.8227632501753331,0.21066616056177642,0,0.6866560762509929,1.0
3,8,0.1,9.12,513.0321591836735,0.04189316975541465,0.39387755102040817,270.65984974958263,707.25,14.388,29.528,0.8262457849381791,0.21487603305785125,0,0.6953255425709516,1.0
4,8,0.1,9.392,515.1079030303031,0.04482373260858109,0.42569696969696974,270.77646129541864,708.0,13.692,29.972,0.8229362985299661,0.21638879035118835,0,0.6907582938388626,1.0
5,8,0.1,10.1,515.1995666666667,0.041933561230436234,0.42845833333333333,262.35204918032787,708.0,14.616,31.0,0.8228479939724995,0.21129261363636365,0,0.6774590163934426,1.0
6,8,0.1,9.424,514.9831636363638,0.04350924597288233,0.4231111111111111,269.89747697236686,708.0,13.768,30.236,0.8252947481243301,0.2153904907389727,0,0.6944333199839807,1.0
7,8,0.1,8.752,512.8817212121213,0.043171406707770345,0.3895353535353535,277.15857085507827,707.0,13.8,28.976,0.8217061611374408,0.21473684210526317,0,0.7153753512645524,1.0
8,8,0.1,9.94,512.6151070707072,0.03814359949814495,0.3865858585858586,267.109280835677,707.0,14.716,29.968,0.8236289439633722,0.2119930809148568,0,0.6721574929690639,1.0
9,8,0.1,8.9,512.5465414141415,0.04026804587107618,0.3846868686868687,276.11276429130777,708.0,13.528,28.068,0.8226100297248058,0.21773469754083646,0,0.7169146436961629,1.0
10,8,0.1,9.956,516.8820606060607,0.04478715896897714,0.45535353535353534,266.7035843737414,709.0,14.124,31.052,0.823126768275988,0.21284308648368722,0,0.6927104309303262,1.0
11,8,0.1,10.096,513.9789050505051,0.039263791763791765,0.40884848484848485,269.6825460368295,708.0,14.348,30.152,0.8249487154439777,0.21394641839255177,0,0.6849479583666933,1.0
12,8,0.1,8.964,514.019591919192,0.04415645465645466,0.4083636363636364,263.85298935298937,707.0,14.14,30.024,0.8248514115898959,0.21981028821597956,0,0.674037674037674,1.0
13,8,0.1,9.896,515.4807636363636,0.042485940995031904,0.4328080808080808,259.5418556701031,708.0,14.884,31.76,0.8268151283702954,0.21846553966189858,0,0.6734020618556701,1.0
14,8,0.1,9.032,512.93957979798,0.04201813551207491,0.39236363636363636,272.20484949832775,707.0,14.232,29.416,0.8265784394816653,0.21139877072080462,0,0.6985785953177257,1.0
15,8,0.1,8.812,513.7825616161616,0.04506760501002925,0.4071515151515152,266.1626733921816,707.0,15.16,30.816,0.8265923719857815,0.21488901983893144,0,0.6956704497688104,1.0
16,8,0.1,8.956,514.4003160493828,0.04419965425520981,0.41466666666666663,273.69845111326237,707.0,11.488,24.64,0.8220512203919682,0.21452740807579518,0,0.6921587608906099,1.0
17,8,0.1,9.864,514.1596333333334,0.03939975129037629,0.41279166666666667,255.01356350184957,707.0,14.696,30.16,0.8261134219336512,0.2158185162477008,0,0.6839293053842992,1.0
18,8,0.1,10.052,514.1518666666667,0.03995401826007886,0.4109494949494949,255.29590595865423,706.0,14.56,30.732,0.8263518659558263,0.22207396111322913,0,0.6834211593027969,1.0
19,8,0.1,9.864,513.8669616161616,0.04052089122998214,0.4070707070707071,258.94997983057686,707.0,14.536,30.468,0.8264447353656256,0.2173011684885036,0,0.6833400564743848,1.0
20,8,0.1,9.12,515.7510262626263,0.04665066998097302,0.4366060606060606,267.30048661800487,707.75,14.16,31.06,0.8238027501185395,0.21484876260311642,0,0.6869424168694241,1.0
21,8,0.1,9.564,516.9003676767677,0.04703499598045052,0.45410101010101006,269.61217681401166,708.1500000000001,13.896,31.18,0.8271340896410638,0.21845215402211207,0,0.683069224353628,1.0
22,8,0.1,9.38,514.7211500000001,0.043634046393421395,0.4210833333333333,273.939406430338,708.0,13.756,29.364,0.8240555714149777,0.21817519577490438,0,0.7040395713107996,1.0
23,8,0.1,10.256,516.5849541666668,0.042345068010693016,0.4505833333333334,262.60217755443887,709.0,13.932,30.648,0.8253757284531233,0.21956127993560073,0,0.6838358458961474,1.0
24,8,0.1,9.028,514.6120282828283,0.0451235786660029,0.41850505050505055,271.4607993850884,708.0,13.844,30.08,0.8229547024573177,0.21688093907210731,0,0.6933128362797848,1.0
25,8,0.1,9.664,513.4972775510205,0.04069652852816119,0.4006938775510204,276.396621078037,707.0,14.192,29.636,0.8209512578616353,0.21367061356297093,0,0.7051488334674175,1.0
26,8,0.1,10.752,513.0375555555556,0.03586448753266935,0.3930909090909091,272.5325153374233,708.0,14.28,29.804,0.8241802862653538,0.21479899009516412,0,0.6924335378323109,1.0
27,8,0.1,9.272,515.2355474747475,0.04418494928191898,0.42892929292929294,253.8082691528172,706.0,14.928,31.696,0.827745220482275,0.22215674720094283,0,0.6830158086745034,1.0
28,8,0.1,9.136,513.5824565656566,0.04094181419029904,0.3998787878787879,265.78250497017893,707.0,13.82,29.74,0.8264246280527744,0.22059100319969885,0,0.6898608349900597,1.0
29,8,0.1,9.68,514.099591919192,0.04081551691854722,0.41054545454545455,256.65359477124184,706.0,14.504,30.548,0.8252109181141439,0.22086956521739132,0,0.6752450980392157,1.0
30,8,0.1,8.384,514.4245130434783,0.04826912640499597,0.41843478260869565,279.17030380830124,708.0,13.012,27.188,0.8235521235521236,0.21280148423005565,0,0.7086007702182285,1.0
31,8,0.1,9.032,514.8475313131314,0.045786364253030926,0.4223838383838385,268.70135746606337,708.0,14.38,30.644,0.8252005663048608,0.21683626271970396,0,0.6787330316742082,1.0
32,8,0.1,9.728,513.6731030303031,0.039934216400883064,0.40444444444444444,265.1546601546602,708.0,14.76,30.412,0.8268966149894506,0.21686296504019442,0,0.687016687016687,1.0
33,8,0.1,10.396,516.6441575757576,0.04221269953391166,0.4524848484848485,258.54434000817326,707.0,15.104,32.58,0.8261639925189487,0.21665684541347477,0,0.6841029832447896,1.0
34,8,0.1,9.536,515.3791555555556,0.04374992527113739,0.4299393939393939,266.0284247927359,708.0,13.972,30.8,0.8219192126307157,0.21768966831871903,0,0.6912751677852349,1.0
35,8,0.1,10.228,510.91602424242427,0.03392225900131426,0.35660606060606065,273.5149193548387,707.0,14.212,28.7,0.8232901637589639,0.21398002853067047,0,0.7125,1.0
36,8,0.1,9.68,513.2609166666667,0.040156527962777966,0.3960833333333334,270.4272203947368,707.0,13.616,28.8,0.8260113092648977,0.21772371850564726,0,0.6903782894736842,1.0
37,8,0.1,9.896,515.5088589473685,0.04309990477358898,0.4346526315789473,263.58181818181816,709.0,13.804,29.292,0.8251071781906123,0.21233612722974426,0,0.6976744186046512,1.0
38,8,0.1,8.472,513.2069737373738,0.043597108839533084,0.39656565656565657,272.76075378943057,707.0,13.52,28.368,0.8271044992743106,0.2202337472607743,0,0.7111839410077837,1.0
39,8,0.1,9.284,513.5392444444445,0.042523929269383816,0.402989898989899,269.81011097410607,707.0,14.94,30.512,0.8252216748768473,0.21215686274509804,0,0.6921496095355528,1.0
40,8,0.1,9.124,516.0901333333334,0.0475402997675725,0.44202020202020204,271.9102154828412,708.0,13.784,30.424,0.8232116058029014,0.2133206470028544,0,0.6815642458100558,1.0
41,8,0.1,9.068,513.7177656565658,0.04317189645371464,0.4041212121212121,280.48244527054936,708.0,13.852,29.392,0.8244419220582672,0.21554900515843772,0,0.7220156959933912,1.0
42,8,0.1,9.224,515.357402020202,0.04613633627876052,0.43288888888888893,276.17230142566194,708.0,14.56,30.612,0.8240091029774322,0.2068206820682068,0,0.7059063136456212,1.0
43,8,0.1,9.06,514.91848,0.04572992621413674,0.4224842105263158,270.02226102138803,707.0,13.352,29.068,0.8266713520161645,0.21844400925761082,0,0.6852902662592755,1.0
44,8,0.1,8.988,513.1510666666667,0.042931668892274955,0.3959191919191919,269.9930356411307,707.0,14.28,29.428,0.8250573657641119,0.21748438893844782,0,0.7021712412945514,1.0
45,8,0.1,9.188,515.6316161616162,0.045828131912980394,0.4355959595959596,265.78556615512235,708.0,14.112,30.652,0.8247159090909091,0.21856617647058824,0,0.683948569058482,1.0
46,8,0.1,9.86,514.6311551020409,0.042140639405945535,0.4196326530612245,277.7532520325203,708.0,14.32,30.404,0.8209283713485395,0.2102107558139535,0,0.7016260162601626,1.0
47,8,0.1,9.516,514.0948161616162,0.04193918023614994,0.41034343434343434,274.6450680973999,707.0,14.988,31.032,0.8251394251394252,0.20633019674935843,0,0.6966570367313248,1.0
48,8,0.1,8.824,512.2256530612245,0.041119834700446944,0.3805306122448979,266.43252032520326,707.0,14.104,28.604,0.8270843373493976,0.22107317073170732,0,0.7024390243902439,1.0
49,8,0.1,9.444,513.750905050505,0.04201978066826551,0.4043232323232323,276.9400419287212,708.0,14.288,30.06,0.8249711393304324,0.21658825579369229,0,0.7148846960167715,1.0
